/* i. Заполнить все таблицы БД vk данными (по 10-100 записей в каждой таблице)
 * Возникла проблема - сайт не хотел в убирать время из даты, как я ни менял образец, гендер так же по-своему отображает. */

DROP DATABASE IF EXISTS vk;
CREATE DATABASE vk;
USE vk;

DROP TABLE IF EXISTS `users`;
CREATE TABLE `users` (
  `id` bigint(20) unsigned NOT NULL AUTO_INCREMENT,
  `firstname` varchar(50) COLLATE utf8_unicode_ci DEFAULT NULL,
  `lastname` varchar(50) COLLATE utf8_unicode_ci DEFAULT NULL COMMENT 'Фамиль',
  `email` varchar(120) COLLATE utf8_unicode_ci DEFAULT NULL,
  `phone` bigint(20) DEFAULT NULL,
  PRIMARY KEY (`id`),
  UNIQUE KEY `email` (`email`),
  KEY `users_phone_idx` (`phone`),
  KEY `users_firstname_lastname_idx` (`firstname`,`lastname`)
) ENGINE=InnoDB AUTO_INCREMENT=101 DEFAULT CHARSET=utf8 COLLATE=utf8_unicode_ci;

INSERT INTO `users` VALUES ('1','Susanna','Hudson','fahey.erwin@example.org','430244'),
('2','Jamar','Veum','domenico39@example.org','0'),
('3','Therese','Ondricka','ithiel@example.com','508271'),
('4','Norbert','Cartwright','marianne.simonis@example.com','708875'),
('5','Verlie','Stokes','jaunita16@example.net','1'),
('6','Kaleb','Bauch','zboncak.braulio@example.net','972'),
('7','Felicity','Harris','emard.lilly@example.net','1'),
('8','Juliana','Gulgowski','sydney.nikolaus@example.com','2452041737'),
('9','Juliet','Hyatt','sledner@example.org','25'),
('10','Andy','Volkman','gutmann.brooklyn@example.com','141816'),
('11','Anahi','Torphy','loraine.pfannerstill@example.net','1523812548'),
('12','Florine','Kiehn','breanne33@example.com','21'),
('13','Theodore','Grimes','mstamm@example.com','968'),
('14','Heloise','Rodriguez','vrunolfsdottir@example.net','935189'),
('15','Helen','Fisher','abshire.nella@example.org','0'),
('16','Nasir','Mertz','reva55@example.com','0'),
('17','Tom','Wolff','schinner.maeve@example.com','0'),
('18','Odie','Mante','thiel.kamren@example.com','6123483693'),
('19','Eliezer','Murphy','kulas.kacie@example.net','673431'),
('20','Sherwood','Moore','anya.schoen@example.org','7394258635'),
('21','Theodora','Wehner','reichert.ewell@example.net','19'),
('22','Giovanny','Hirthe','nichole.goldner@example.net','1'),
('23','Anissa','Bosco','raoul.lockman@example.net','0'),
('24','Estell','Bailey','mohammed.halvorson@example.org','1'),
('25','Berniece','Jacobson','jillian37@example.com','21'),
('26','Amparo','Gottlieb','trystan57@example.org','7829293626'),
('27','Julian','Grimes','stiedemann.silas@example.org','12'),
('28','Anahi','Morar','beahan.anika@example.net','713'),
('29','Gaston','Gibson','will.audra@example.com','1'),
('30','Ron','Stamm','simonis.brody@example.com','147189'),
('31','Alexis','Quigley','blaise64@example.com','1'),
('32','Edgardo','Bruen','apurdy@example.net','560'),
('33','Marietta','Rempel','cynthia61@example.net','677586'),
('34','Graham','Gutkowski','rohan.marcelo@example.org','1'),
('35','Price','Kautzer','lebsack.clementine@example.net','50'),
('36','Jewell','Goodwin','uhickle@example.net','269480'),
('37','Vidal','King','jerrod.abernathy@example.org','885116'),
('38','Ladarius','Hirthe','ypaucek@example.org','1'),
('39','Meredith','Ullrich','dolores36@example.com','33'),
('40','Bernhard','Greenholt','yerdman@example.net','958429'),
('41','Ella','Jast','ustehr@example.net','427'),
('42','Dixie','Welch','fanny42@example.org','0'),
('43','Robin','Stehr','zveum@example.org','1'),
('44','Patsy','Langworth','max62@example.org','1'),
('45','Gina','Stokes','martine29@example.net','0'),
('46','Raven','Torp','kovacek.destiny@example.com','57'),
('47','Alicia','Welch','collins.gregorio@example.org','1'),
('48','Jayme','Moore','kirstin.durgan@example.net','0'),
('49','Nakia','Crist','reagan.schowalter@example.com','80'),
('50','Kayli','Macejkovic','weissnat.kaylie@example.com','61'),
('51','Maxine','Gusikowski','hobart.balistreri@example.net','847821'),
('52','Gayle','Will','cathryn.padberg@example.net','225'),
('53','Eulalia','Wilkinson','kaitlyn.runte@example.net','946471'),
('54','Cleve','Satterfield','hester17@example.com','803'),
('55','Alvah','Ledner','adrianna.moen@example.org','672519'),
('56','Marilou','Homenick','hroob@example.com','0'),
('57','Bryon','Dickinson','tjakubowski@example.com','1'),
('58','Ruthe','Hettinger','johnston.mason@example.net','0'),
('59','Bella','Hyatt','giovanni.schultz@example.org','588339'),
('60','Jacklyn','Kuphal','neha66@example.net','0'),
('61','Mina','Rolfson','ncassin@example.net','1'),
('62','Quentin','Wehner','ernesto28@example.net','169'),
('63','Foster','Schimmel','judge92@example.net','499170'),
('64','Blanca','Medhurst','macey34@example.net','1'),
('65','Woodrow','Daniel','khickle@example.com','56623'),
('66','Rubie','Flatley','fframi@example.org','902821'),
('67','Frederique','Schoen','cronin.cordell@example.com','509099'),
('68','Antoinette','Koch','skiles.russel@example.com','327234'),
('69','Zoe','Pagac','molly99@example.org','10'),
('70','Kaci','Zieme','acassin@example.net','0'),
('71','Ashleigh','Fisher','declan.hauck@example.net','1929398396'),
('72','Kobe','Dicki','hilma37@example.org','540877'),
('73','Celestino','Zboncak','marcella25@example.net','519'),
('74','Russel','Mohr','sheridan.heaney@example.net','3122780341'),
('75','Maiya','Schumm','ccorkery@example.net','1'),
('76','Hector','Von','santos.paucek@example.net','1'),
('77','Anya','Sawayn','rschultz@example.com','1'),
('78','Adeline','Hermann','zoie41@example.net','6020510041'),
('79','Abbey','Wisoky','friesen.london@example.net','1996551956'),
('80','Leone','Okuneva','vergie.flatley@example.org','525'),
('81','Reuben','Miller','enrico.barrows@example.com','0'),
('82','Ismael','Little','axel11@example.org','49313'),
('83','Arjun','Bahringer','shayne.dietrich@example.net','0'),
('84','Diana','Rowe','jade.ferry@example.org','1'),
('85','Shane','Powlowski','yost.mose@example.com','1'),
('86','Roberto','Cronin','uwiza@example.net','605'),
('87','Keshawn','Ratke','bbreitenberg@example.net','505'),
('88','Whitney','Predovic','sdonnelly@example.org','41'),
('89','Dawson','Kohler','antonietta29@example.net','0'),
('90','Maximillian','Ledner','adell.bergnaum@example.org','58128'),
('91','Timothy','Willms','cronin.esmeralda@example.com','477091'),
('92','Giles','Brown','else.pagac@example.org','1'),
('93','Cordelia','Gibson','jocelyn.metz@example.com','675757'),
('94','Izaiah','Powlowski','caleb87@example.net','662'),
('95','Saige','Klein','nschmidt@example.net','1'),
('96','Silas','Yost','ford.johnson@example.com','1'),
('97','Joey','Sauer','chris.hilpert@example.com','0'),
('98','Theodora','Marks','zprohaska@example.net','91348'),
('99','Trent','Daniel','brycen12@example.org','1'),
('100','Bria','Mertz','nolan.brown@example.org','989'); 

DROP TABLE IF EXISTS `media_types`;
CREATE TABLE `media_types` (
  `id` bigint(20) unsigned NOT NULL AUTO_INCREMENT,
  `name` varchar(255) COLLATE utf8_unicode_ci DEFAULT NULL,
  `created_at` datetime DEFAULT current_timestamp(),
  `updated_at` datetime DEFAULT current_timestamp() ON UPDATE current_timestamp(),
  PRIMARY KEY (`id`)
) ENGINE=InnoDB AUTO_INCREMENT=11 DEFAULT CHARSET=utf8 COLLATE=utf8_unicode_ci;

INSERT INTO `media_types` VALUES ('1','soluta','2016-01-05 00:00:00','1989-06-26 00:00:00'),
('2','ipsam','1972-01-29 00:00:00','2012-11-30 00:00:00'),
('3','perspiciatis','2014-11-02 00:00:00','1980-05-28 00:00:00'),
('4','pariatur','2014-12-06 00:00:00','1973-01-10 00:00:00'),
('5','et','1992-02-23 00:00:00','1992-07-28 00:00:00'),
('6','tenetur','1987-12-02 00:00:00','2015-04-27 00:00:00'),
('7','cumque','1996-10-25 00:00:00','1976-06-28 00:00:00'),
('8','quo','2018-05-30 00:00:00','1982-11-24 00:00:00'),
('9','aut','1981-10-30 00:00:00','2001-03-15 00:00:00'),
('10','officiis','1991-09-24 00:00:00','1977-06-22 00:00:00'); 

DROP TABLE IF EXISTS `media`;
CREATE TABLE `media` (
  `id` bigint(20) unsigned NOT NULL AUTO_INCREMENT,
  `media_type_id` bigint(20) unsigned NOT NULL,
  `user_id` bigint(20) unsigned NOT NULL,
  `body` text COLLATE utf8_unicode_ci DEFAULT NULL,
  `filename` varchar(255) COLLATE utf8_unicode_ci DEFAULT NULL,
  `size` int(11) DEFAULT NULL,
  `metadata` longtext CHARACTER SET utf8mb4 COLLATE utf8mb4_bin DEFAULT NULL,
  `created_at` datetime DEFAULT current_timestamp(),
  `updated_at` datetime DEFAULT current_timestamp() ON UPDATE current_timestamp(),
  PRIMARY KEY (`id`),
  KEY `user_id` (`user_id`),
  KEY `media_type_id` (`media_type_id`),
  CONSTRAINT `media_ibfk_1` FOREIGN KEY (`user_id`) REFERENCES `users` (`id`),
  CONSTRAINT `media_ibfk_2` FOREIGN KEY (`media_type_id`) REFERENCES `media_types` (`id`)
) ENGINE=InnoDB AUTO_INCREMENT=76 DEFAULT CHARSET=utf8 COLLATE=utf8_unicode_ci;

INSERT INTO `media` VALUES ('1','7','12','Qui et voluptatem et. Nihil reiciendis numquam repellendus ut suscipit aspernatur voluptatum et. Corrupti debitis impedit reiciendis ipsa est et iusto.','esse','7','http://lorempixel.com/640/480/','1999-07-11 00:00:00','1996-12-15 00:00:00'),
('2','3','79','Et sit autem nobis amet provident beatae. Et ea quo ad aut voluptas esse.','sint','4','http://lorempixel.com/640/480/','2010-06-17 00:00:00','1988-04-16 00:00:00'),
('3','2','66','Asperiores omnis est nostrum et sunt perspiciatis sit. Ab perferendis est sequi quis ratione asperiores quam rerum. Sint quia voluptate illum consequatur modi. Deleniti quisquam amet non.','corporis','2655591','http://lorempixel.com/640/480/','2012-05-19 00:00:00','1970-08-21 00:00:00'),
('4','10','9','Itaque repellendus consectetur perspiciatis et nesciunt aliquid. Quaerat consequatur error doloremque eligendi consequatur. Incidunt qui consequatur officia consequatur.','vitae','4093','http://lorempixel.com/640/480/','1972-07-19 00:00:00','1981-11-26 00:00:00'),
('5','6','66','Est omnis iure unde sint minima a cumque consequatur. Commodi eos aut pariatur velit nihil recusandae dolorum unde. Rem ipsam modi optio est ducimus veniam. Rerum molestias delectus blanditiis vel sunt.','molestias','8624','http://lorempixel.com/640/480/','2018-01-09 00:00:00','1999-11-10 00:00:00'),
('6','6','67','Rerum est harum nemo officia. Sunt sint voluptas aspernatur. Quaerat itaque consequuntur repellendus vel. Unde necessitatibus repudiandae est mollitia quod.','est','267883484','http://lorempixel.com/640/480/','2012-11-23 00:00:00','2010-11-11 00:00:00'),
('7','9','49','Aliquid molestias et et consequatur sit. Asperiores doloremque quia porro debitis. Beatae mollitia molestiae nisi quasi amet qui eum eius. Ex incidunt dolorem qui aut corporis repellat.','voluptas','58063786','http://lorempixel.com/640/480/','1983-12-02 00:00:00','1987-06-29 00:00:00'),
('8','2','74','Et iste nostrum tenetur et alias illum optio. Iusto consectetur fugit voluptatem a ut temporibus. Odio aliquid ipsum necessitatibus nostrum sit dolor ut.','dolor','772745647','http://lorempixel.com/640/480/','2014-01-20 00:00:00','1992-02-05 00:00:00'),
('9','6','64','Consectetur qui deleniti minus delectus voluptatem dicta animi. Eos officia vel illum ullam optio. Tempora alias illo magnam molestiae non. Nobis recusandae voluptatem ut natus itaque laboriosam molestiae sit.','ut','68251706','http://lorempixel.com/640/480/','2006-05-04 00:00:00','2014-09-02 00:00:00'),
('10','5','83','Sed ex eum ea quae hic et. Recusandae sapiente sed aperiam nostrum sit sunt voluptatum et. Quasi nulla neque sit quam cupiditate modi.','quas','44565','http://lorempixel.com/640/480/','1973-02-03 00:00:00','2014-11-16 00:00:00'),
('11','5','81','Sequi porro laboriosam exercitationem. Molestiae impedit iusto occaecati tempora est sint. Quasi ut eius error neque.','ut','1663221','http://lorempixel.com/640/480/','2006-07-02 00:00:00','1979-01-14 00:00:00'),
('12','8','67','Et sunt aut voluptas et soluta aliquam. Nostrum voluptas aperiam laborum voluptas optio sed ut.','id','371','http://lorempixel.com/640/480/','1971-05-29 00:00:00','1980-08-25 00:00:00'),
('13','10','48','Voluptas sit iure voluptates sed eaque earum. Non veritatis autem sint consectetur non culpa rerum. Quibusdam rem ut temporibus aut velit ea officiis. Unde iusto officia sit et similique illo. Voluptatem ea corrupti voluptas est qui.','esse','6626','http://lorempixel.com/640/480/','1974-10-06 00:00:00','1981-01-26 00:00:00'),
('14','2','41','Facilis voluptatibus non commodi et. Sed dolor ab tempore ratione. Sit sunt qui reprehenderit qui.','excepturi','19024590','http://lorempixel.com/640/480/','1977-10-17 00:00:00','1989-04-19 00:00:00'),
('15','4','11','Vel voluptatibus maiores doloremque beatae culpa totam fugiat. Maiores sit quam consequatur omnis omnis quo. Sed ipsum saepe numquam sapiente eligendi eveniet quia. Quam omnis consequatur ut voluptatem accusantium.','animi','3221497','http://lorempixel.com/640/480/','1972-01-04 00:00:00','1982-09-02 00:00:00'),
('16','8','3','Maxime voluptas voluptas molestias atque aliquid. Quia molestiae quis aut consectetur consequuntur libero ab.','reiciendis','685','http://lorempixel.com/640/480/','1984-08-14 00:00:00','2014-07-18 00:00:00'),
('17','3','2','Unde fugiat omnis id qui enim similique eum. Culpa doloremque ab dolore ex. Soluta ut ab corporis qui qui. Libero dolore qui sed dolor consectetur alias quod odit.','autem','7153','http://lorempixel.com/640/480/','1973-02-20 00:00:00','1981-07-07 00:00:00'),
('18','9','41','Officia corporis qui porro nesciunt et ea ratione. Quo quis qui praesentium eum corrupti dicta. Est quidem est velit velit odit nemo. Natus aut consequatur quia suscipit quisquam. Et ut nulla saepe enim officiis.','maiores','861967125','http://lorempixel.com/640/480/','1997-07-03 00:00:00','2018-11-01 00:00:00'),
('19','7','72','Aut aut eos quidem aut. Numquam ut temporibus ab modi atque explicabo. Hic accusamus qui beatae aut earum quibusdam. Iure cum voluptas dicta ut enim. Occaecati dolores et voluptatem eius sed dolorem.','officia','45303','http://lorempixel.com/640/480/','1980-04-02 00:00:00','2003-02-22 00:00:00'),
('20','5','21','Id pariatur cum magni aliquid molestias unde. Asperiores qui facere et quia eligendi. Nobis similique voluptas aut eos.','necessitatibus','0','http://lorempixel.com/640/480/','1978-04-21 00:00:00','2005-10-10 00:00:00'),
('21','4','7','Repudiandae modi ex eos est aperiam rerum qui. Ad cupiditate quos libero voluptas doloribus cumque a. Nihil et et dolore deserunt tenetur velit quae quos.','voluptas','284169','http://lorempixel.com/640/480/','2002-11-23 00:00:00','1995-05-04 00:00:00'),
('22','9','17','Ex quia aspernatur autem sit doloribus aut. Quisquam molestias quidem ut nisi iusto. Id quisquam dolores quos quam minima corrupti aut quidem.','quo','64','http://lorempixel.com/640/480/','2011-08-29 00:00:00','1989-09-21 00:00:00'),
('23','6','5','Optio qui vero explicabo et vel cumque quaerat. Nesciunt exercitationem aspernatur dicta aut recusandae. Accusantium ipsam aliquam iure et aut facere suscipit molestiae.','ut','90313','http://lorempixel.com/640/480/','1973-06-27 00:00:00','1986-07-13 00:00:00'),
('24','10','15','Aperiam commodi voluptatibus dolores iusto libero delectus. Voluptates repellendus impedit et error optio vel. Quaerat dolores fuga autem nam rerum. Quaerat quis voluptas eius molestiae ut.','aliquid','286','http://lorempixel.com/640/480/','2009-11-13 00:00:00','1992-05-28 00:00:00'),
('25','7','38','Quas nobis repudiandae dolor aut praesentium soluta consectetur. Saepe ut ipsam corrupti non. Enim autem quis aut deleniti ab ut. Illo explicabo tenetur aut non.','officia','51534','http://lorempixel.com/640/480/','2010-10-19 00:00:00','1971-03-06 00:00:00'),
('26','10','15','Numquam tempore ut accusamus fuga consectetur. Quo voluptatem aliquid est quo ad. Eum quis est modi nihil et quo. Rerum rerum iusto dolorum omnis iste.','distinctio','0','http://lorempixel.com/640/480/','2009-11-14 00:00:00','2007-12-07 00:00:00'),
('27','2','76','Voluptatum earum eligendi omnis neque sint. Nam non vel nisi culpa dolores. Vel quasi quidem dolorum quo veniam repellat. Ut sint eos dignissimos magnam nisi. Nisi earum libero inventore enim iusto non.','et','86720','http://lorempixel.com/640/480/','1988-01-25 00:00:00','1974-10-17 00:00:00'),
('28','9','13','Voluptatem ut ea odio id sunt qui possimus voluptatem. Magni voluptatum minima accusamus voluptates quae. Sit beatae velit quis non ut atque tenetur esse.','earum','43893','http://lorempixel.com/640/480/','2012-10-01 00:00:00','2015-02-15 00:00:00'),
('29','3','2','Sed consequatur odio et harum vel alias quis et. Vero mollitia sed laboriosam corporis. Id sint sint consequatur officia cumque.','omnis','4420260','http://lorempixel.com/640/480/','2004-03-12 00:00:00','2009-05-05 00:00:00'),
('30','6','56','Sapiente est nam vitae fugiat. Velit voluptatem dolorem accusantium ea quidem. Dignissimos repellat earum tempore vel magni.','quia','16642','http://lorempixel.com/640/480/','1980-10-12 00:00:00','1992-03-19 00:00:00'),
('31','2','28','Eos labore nihil occaecati nihil laboriosam. Eligendi rerum ut ut dolorem et iste perspiciatis. Quasi blanditiis corporis odit impedit.','animi','73','http://lorempixel.com/640/480/','1990-10-22 00:00:00','1998-04-08 00:00:00'),
('32','6','35','Est eum animi vel est cumque non dolores. Perspiciatis ducimus sequi sit vel sint quia. Quia cum ut repudiandae tempora temporibus.','dicta','0','http://lorempixel.com/640/480/','1997-03-27 00:00:00','2018-02-19 00:00:00'),
('33','3','40','Qui ipsam provident quisquam. Et in maxime ipsam odit sunt atque.','itaque','93','http://lorempixel.com/640/480/','2013-02-08 00:00:00','1972-03-21 00:00:00'),
('34','8','96','Sed voluptatem placeat deserunt tempora. Veritatis reiciendis quos sit ipsa voluptas dolor. Quidem officia soluta aut. Est consectetur eum delectus vero ex enim illum.','autem','63','http://lorempixel.com/640/480/','1999-12-29 00:00:00','2013-11-02 00:00:00'),
('35','2','24','Error explicabo doloremque quod ut. Cupiditate et facilis dolor. Dolorem temporibus molestiae reiciendis quo sed. Odio et eum nihil.','deserunt','9182992','http://lorempixel.com/640/480/','1975-02-17 00:00:00','1980-03-30 00:00:00'),
('36','2','48','Quibusdam voluptas ipsam ipsa dolores asperiores ut rerum sunt. Id in nemo quibusdam. Dolorum deleniti dolores voluptate voluptas reprehenderit autem.','et','4966','http://lorempixel.com/640/480/','1982-03-25 00:00:00','2011-02-26 00:00:00'),
('37','4','4','Sed delectus rerum eum neque fuga et. Vel esse ex accusamus aut praesentium. Omnis quia nihil laborum id.','dolorem','4237167','http://lorempixel.com/640/480/','1979-06-15 00:00:00','1989-05-13 00:00:00'),
('38','7','86','Voluptatem laudantium et ea quibusdam ut quia illum. Repudiandae voluptatem at est asperiores. Sunt nobis magni labore.','aut','440','http://lorempixel.com/640/480/','1999-08-20 00:00:00','1970-05-24 00:00:00'),
('39','1','55','Sit et et totam exercitationem magnam debitis natus. Eum id id voluptas rerum ut maiores et. Labore harum fuga harum qui. Perferendis possimus qui quo modi explicabo nesciunt.','aut','149674','http://lorempixel.com/640/480/','1979-06-13 00:00:00','1985-09-15 00:00:00'),
('40','1','77','Eius quos quos iusto maiores eum tempore molestiae. Hic et ut veritatis facere necessitatibus nulla. Qui odit vitae et qui quidem temporibus nihil. Odio consequatur officia rerum corporis commodi quia quas.','et','259','http://lorempixel.com/640/480/','1988-10-04 00:00:00','1979-01-30 00:00:00'),
('41','10','98','Voluptas debitis sed sit voluptatum consectetur. Ut aperiam consectetur maxime consequatur at dolorum.','commodi','5206979','http://lorempixel.com/640/480/','1977-01-08 00:00:00','1998-03-24 00:00:00'),
('42','10','10','Doloremque officia corporis quod dolores. Beatae alias aliquam consequatur.','quisquam','250714','http://lorempixel.com/640/480/','2005-03-10 00:00:00','2006-01-21 00:00:00'),
('43','8','72','Rerum harum sed eos odit. In dolor libero et. Nam autem assumenda porro quidem voluptas. Sed voluptas quidem voluptatem quis sequi sunt recusandae.','sapiente','910726952','http://lorempixel.com/640/480/','1998-02-21 00:00:00','2005-12-18 00:00:00'),
('44','3','96','Commodi voluptas incidunt et accusantium. Illo nam voluptas voluptatum dicta est maiores doloremque. Vel reiciendis et vel eos expedita facere nobis harum. Distinctio animi qui quibusdam quia corrupti amet accusamus omnis.','rerum','876','http://lorempixel.com/640/480/','2010-03-28 00:00:00','2018-01-14 00:00:00'),
('45','8','76','Rem inventore eos nemo repellat ex tempore. Doloremque error rerum et omnis suscipit repudiandae praesentium harum. Voluptatem nobis tenetur inventore vero ut quasi cumque.','omnis','137142','http://lorempixel.com/640/480/','1978-09-27 00:00:00','1975-09-11 00:00:00'),
('46','6','85','Incidunt non libero eos voluptatem quisquam cupiditate. Assumenda aut quia quis aut dolore repellat reiciendis ut. Corrupti vel distinctio tempore.','vel','794','http://lorempixel.com/640/480/','1974-08-07 00:00:00','2008-04-29 00:00:00'),
('47','1','10','Voluptatem enim unde dignissimos sapiente est corporis enim. Voluptatem sit accusantium sunt voluptate et. Quo repudiandae dolorum omnis in aut vitae ipsa. Pariatur quae placeat maxime aut sunt.','rerum','0','http://lorempixel.com/640/480/','1971-08-25 00:00:00','1974-08-16 00:00:00'),
('48','2','31','Veniam quo accusantium dolore consequatur omnis dolores ea. At quas iusto et et. Omnis assumenda et maiores dolorum.','deserunt','3883297','http://lorempixel.com/640/480/','1992-08-23 00:00:00','1991-10-14 00:00:00'),
('49','5','94','Laborum accusantium iusto id recusandae consequatur. Repudiandae similique unde ab quia ab itaque est. Nisi impedit aspernatur dolorum.','sint','946524','http://lorempixel.com/640/480/','1980-12-25 00:00:00','2017-12-02 00:00:00'),
('50','3','60','Hic laudantium natus quis est. Repudiandae aut et recusandae dolorem. Nam asperiores qui numquam et expedita sunt pariatur rerum.','reiciendis','5','http://lorempixel.com/640/480/','1982-12-05 00:00:00','2005-04-10 00:00:00'),
('51','2','43','Vitae laborum ipsum est. Tempora quasi explicabo quae qui assumenda illum. Enim qui odio aut nam et totam dolores.','sequi','0','http://lorempixel.com/640/480/','2012-09-09 00:00:00','1983-02-28 00:00:00'),
('52','1','48','Est id sit ut minus et esse voluptate. Aut non cumque consectetur consectetur. Sit consequuntur et harum non sint aspernatur. Qui nemo dicta adipisci possimus voluptatem necessitatibus nihil ut.','maxime','9150413','http://lorempixel.com/640/480/','2017-05-06 00:00:00','1983-05-05 00:00:00'),
('53','5','71','Dolores minus deleniti dolores soluta. Repudiandae necessitatibus est est natus deserunt odio nihil.','est','7','http://lorempixel.com/640/480/','2007-02-28 00:00:00','1988-05-12 00:00:00'),
('54','4','53','Est consequatur quis laboriosam aliquam ipsum. Minus harum tenetur et itaque quasi exercitationem. Corporis vero quam qui necessitatibus ea similique quos. Voluptatem voluptatem et ratione incidunt in.','ut','7288','http://lorempixel.com/640/480/','1982-11-01 00:00:00','2012-08-07 00:00:00'),
('55','3','34','Quasi repellat nesciunt ipsum accusantium ut quas. Ipsam similique repudiandae omnis architecto impedit autem. Et voluptas tempore iusto et eius veniam corporis. Nobis quo molestiae impedit cupiditate dolorem ducimus quo facilis.','vel','8','http://lorempixel.com/640/480/','1978-03-03 00:00:00','2007-02-15 00:00:00'),
('56','3','18','Quo ut numquam vitae eaque voluptates. Accusantium libero veritatis rem et. Officiis nam et sed delectus qui numquam quod.','ad','418','http://lorempixel.com/640/480/','2005-05-11 00:00:00','1997-04-05 00:00:00'),
('57','4','20','Nulla aut aperiam atque. Laboriosam numquam consequatur voluptas. Nemo qui magnam ut perspiciatis voluptas aliquam vel.','qui','347287','http://lorempixel.com/640/480/','2013-12-31 00:00:00','2012-05-08 00:00:00'),
('58','3','5','Repudiandae quidem dolorem quia animi voluptate assumenda iste enim. Distinctio aut at minus tempore. Ab qui repellendus reiciendis enim expedita recusandae. Eius error commodi eum soluta optio qui. Iure ullam odit labore adipisci.','fugit','9421081','http://lorempixel.com/640/480/','2003-10-21 00:00:00','1974-11-21 00:00:00'),
('59','10','50','Quas similique vel ea omnis. Aut neque qui vel. Doloribus enim quam iusto at delectus. Debitis culpa rerum in quos.','eveniet','45','http://lorempixel.com/640/480/','1994-01-21 00:00:00','2008-03-25 00:00:00'),
('60','10','65','Laudantium voluptas nulla quia et. Minima quos illo voluptas unde provident sunt fuga id. Magnam enim id non consequatur dolorem ratione enim aspernatur. Officia beatae nihil incidunt cum suscipit id laborum.','magni','0','http://lorempixel.com/640/480/','2012-10-05 00:00:00','1972-11-23 00:00:00'),
('61','3','51','Rerum animi similique rerum. Laudantium ullam qui sit earum non.','velit','153227277','http://lorempixel.com/640/480/','1996-02-02 00:00:00','1994-11-30 00:00:00'),
('62','5','27','Aliquam voluptatem veritatis quia ducimus. Blanditiis similique et doloribus soluta facere. Saepe commodi voluptatum animi eaque dolorum mollitia voluptates. Perspiciatis unde fugit et voluptatum quis.','enim','404636037','http://lorempixel.com/640/480/','1980-06-13 00:00:00','2015-07-20 00:00:00'),
('63','7','69','Eum ab aspernatur accusantium illo. Asperiores soluta voluptatibus sit ex vitae. Dolor cum asperiores quia sunt eligendi et. Rem qui occaecati aperiam.','numquam','24515','http://lorempixel.com/640/480/','1988-10-03 00:00:00','1982-03-22 00:00:00'),
('64','6','10','Adipisci rem qui voluptas architecto debitis facilis ad est. Est qui placeat harum autem. Libero laudantium quisquam animi expedita fuga ipsa ad. Et eveniet quo non.','inventore','26','http://lorempixel.com/640/480/','2012-07-25 00:00:00','1975-03-20 00:00:00'),
('65','7','84','Voluptatem minima sapiente velit. Iure cum et unde totam deleniti mollitia doloribus qui. Temporibus at accusamus ut sit consectetur cupiditate. Velit earum beatae explicabo maiores aut architecto.','tempora','88','http://lorempixel.com/640/480/','2012-04-07 00:00:00','1999-11-30 00:00:00'),
('66','7','80','Debitis reiciendis quidem non et maxime. Quod dignissimos nihil numquam similique commodi. Praesentium officiis est corporis eum.','est','82874','http://lorempixel.com/640/480/','1971-07-09 00:00:00','1996-01-23 00:00:00'),
('67','3','76','Dolore veniam qui eum omnis consequatur eum veniam in. Maxime rerum ex aliquam quae rerum eligendi. Accusantium numquam ipsa blanditiis ut. Eos nam praesentium perspiciatis ea non.','nostrum','0','http://lorempixel.com/640/480/','1999-06-20 00:00:00','1990-01-05 00:00:00'),
('68','3','71','Omnis animi ab recusandae voluptatem enim. Optio magni dolor expedita eligendi qui a. Aut id necessitatibus fugiat illo. Ab doloribus natus et qui quia.','maiores','355','http://lorempixel.com/640/480/','2011-05-03 00:00:00','1987-10-21 00:00:00'),
('69','5','60','Libero et velit suscipit autem ducimus sit. Ut ut minus expedita natus. Minus qui qui dolorum aut ut dolorem consequuntur.','quasi','964','http://lorempixel.com/640/480/','1972-03-13 00:00:00','2012-09-11 00:00:00'),
('70','3','72','Hic repudiandae ut architecto et. Suscipit facilis voluptates eligendi illo et. Repellat error quia ut sunt. Molestiae ipsum quod ad incidunt sit fugiat consequatur. Libero accusantium quibusdam odit autem atque consequuntur.','officia','6108781','http://lorempixel.com/640/480/','1989-09-08 00:00:00','2001-07-13 00:00:00'),
('71','10','53','Consequatur praesentium quibusdam eaque est delectus error. Minus officia ratione sit sunt. Ex aut similique asperiores hic. Nemo explicabo sed tenetur voluptate id.','eos','69632','http://lorempixel.com/640/480/','1979-03-12 00:00:00','1979-11-02 00:00:00'),
('72','9','25','Fugit distinctio a voluptatum aut rerum sit sed. Adipisci cupiditate autem aliquid voluptatem alias sint. Ipsam eos delectus possimus ipsa omnis reiciendis.','aperiam','49427','http://lorempixel.com/640/480/','1988-02-18 00:00:00','1997-05-13 00:00:00'),
('73','8','17','Est non voluptas nihil quia. Iste rerum ut et. Sint nemo ipsa amet dolor. Illum ea vel consequatur et architecto aut commodi.','recusandae','698659491','http://lorempixel.com/640/480/','1980-04-16 00:00:00','1998-05-10 00:00:00'),
('74','3','64','Qui qui qui qui. Expedita earum dolorum reprehenderit illo soluta nesciunt. Quisquam magni autem molestiae cupiditate eum dolorum ducimus. Eum repellat sint quo aliquid aut suscipit eos.','et','796','http://lorempixel.com/640/480/','2004-05-13 00:00:00','2019-03-13 00:00:00'),
('75','7','29','Blanditiis nesciunt excepturi omnis placeat. Libero architecto voluptatum porro iusto necessitatibus delectus quas. Voluptatem illum exercitationem et ut sed recusandae qui.','deleniti','916994','http://lorempixel.com/640/480/','2014-02-02 00:00:00','1995-03-22 00:00:00'); 


DROP TABLE IF EXISTS `photo_albums`;
CREATE TABLE `photo_albums` (
  `id` bigint(20) unsigned NOT NULL AUTO_INCREMENT,
  `name` varchar(255) COLLATE utf8_unicode_ci DEFAULT NULL,
  `user_id` bigint(20) unsigned DEFAULT NULL,
  PRIMARY KEY (`id`),
  UNIQUE KEY `id` (`id`),
  KEY `user_id` (`user_id`),
  CONSTRAINT `photo_albums_ibfk_1` FOREIGN KEY (`user_id`) REFERENCES `users` (`id`)
) ENGINE=InnoDB AUTO_INCREMENT=57 DEFAULT CHARSET=utf8 COLLATE=utf8_unicode_ci;

INSERT INTO `photo_albums` VALUES ('1','dicta','15'),
('2','adipisci','98'),
('3','omnis','5'),
('4','saepe','66'),
('5','ducimus','67'),
('6','fugiat','98'),
('7','earum','82'),
('8','architecto','64'),
('9','dolor','71'),
('10','deleniti','8'),
('11','voluptatem','39'),
('12','laboriosam','90'),
('13','provident','47'),
('14','quasi','72'),
('15','perspiciatis','25'),
('16','eum','67'),
('17','placeat','1'),
('18','saepe','64'),
('19','autem','25'),
('20','quidem','46'),
('21','nisi','41'),
('22','veniam','26'),
('23','sequi','97'),
('24','officiis','52'),
('25','dolorum','91'),
('26','pariatur','39'),
('27','quam','11'),
('28','ipsa','64'),
('29','cumque','86'),
('30','distinctio','78'),
('31','architecto','6'),
('32','et','100'),
('33','accusantium','76'),
('34','eos','10'),
('35','porro','66'),
('36','ut','42'),
('37','quia','8'),
('38','ut','47'),
('39','minima','5'),
('40','id','78'),
('41','accusamus','55'),
('42','nisi','44'),
('43','ratione','67'),
('44','et','2'),
('45','quia','15'),
('46','consectetur','92'),
('47','veniam','69'),
('48','aut','16'),
('49','occaecati','56'),
('50','necessitatibus','93'),
('51','optio','61'),
('52','quo','96'),
('53','porro','19'),
('54','excepturi','58'),
('55','aut','48'),
('56','deserunt','9'); 


DROP TABLE IF EXISTS `photos`;
CREATE TABLE `photos` (
  `id` bigint(20) unsigned NOT NULL AUTO_INCREMENT,
  `album_id` bigint(20) unsigned NOT NULL,
  `media_id` bigint(20) unsigned NOT NULL,
  PRIMARY KEY (`id`),
  KEY `album_id` (`album_id`),
  KEY `media_id` (`media_id`),
  CONSTRAINT `photos_ibfk_1` FOREIGN KEY (`album_id`) REFERENCES `photo_albums` (`id`),
  CONSTRAINT `photos_ibfk_2` FOREIGN KEY (`media_id`) REFERENCES `media` (`id`)
) ENGINE=InnoDB AUTO_INCREMENT=101 DEFAULT CHARSET=utf8 COLLATE=utf8_unicode_ci;

INSERT INTO `photos` VALUES ('1','26','13'),
('2','53','75'),
('3','26','3'),
('4','45','22'),
('5','40','58'),
('6','29','48'),
('7','26','1'),
('8','1','34'),
('9','30','42'),
('10','21','18'),
('11','7','28'),
('12','17','67'),
('13','26','20'),
('14','7','51'),
('15','34','18'),
('16','38','4'),
('17','23','47'),
('18','3','65'),
('19','37','63'),
('20','9','26'),
('21','35','50'),
('22','55','6'),
('23','38','74'),
('24','29','15'),
('25','30','67'),
('26','25','49'),
('27','15','55'),
('28','30','54'),
('29','56','48'),
('30','22','44'),
('31','49','5'),
('32','35','21'),
('33','38','50'),
('34','8','24'),
('35','28','21'),
('36','38','9'),
('37','53','49'),
('38','10','45'),
('39','35','53'),
('40','45','12'),
('41','33','18'),
('42','45','64'),
('43','55','25'),
('44','31','72'),
('45','54','70'),
('46','31','63'),
('47','55','13'),
('48','7','49'),
('49','47','19'),
('50','55','25'),
('51','30','48'),
('52','24','34'),
('53','16','46'),
('54','3','67'),
('55','17','64'),
('56','3','67'),
('57','5','63'),
('58','41','4'),
('59','9','21'),
('60','1','9'),
('61','12','42'),
('62','53','14'),
('63','41','4'),
('64','47','41'),
('65','17','60'),
('66','49','61'),
('67','24','22'),
('68','15','53'),
('69','51','24'),
('70','33','15'),
('71','10','48'),
('72','5','19'),
('73','26','61'),
('74','18','47'),
('75','5','24'),
('76','42','22'),
('77','49','51'),
('78','27','44'),
('79','42','23'),
('80','7','3'),
('81','6','74'),
('82','47','40'),
('83','16','8'),
('84','13','14'),
('85','24','61'),
('86','21','45'),
('87','25','35'),
('88','47','68'),
('89','16','11'),
('90','29','27'),
('91','26','19'),
('92','37','25'),
('93','53','10'),
('94','52','50'),
('95','24','3'),
('96','39','40'),
('97','2','40'),
('98','3','23'),
('99','36','21'),
('100','27','4'); 


DROP TABLE IF EXISTS `profiles`;
CREATE TABLE `profiles` (
  `user_id` bigint(20) unsigned NOT NULL AUTO_INCREMENT,
  `gender` char(1) COLLATE utf8_unicode_ci DEFAULT NULL,
  `birthday` date DEFAULT NULL,
  `is_active` enum('true','false') COLLATE utf8_unicode_ci NOT NULL DEFAULT 'true',
  `photo_id` bigint(20) unsigned DEFAULT NULL,
  `created_at` datetime DEFAULT current_timestamp(),
  `hometown` varchar(100) COLLATE utf8_unicode_ci DEFAULT NULL,
  PRIMARY KEY (`user_id`),
  CONSTRAINT `profiles_ibfk_1` FOREIGN KEY (`user_id`) REFERENCES `users` (`id`) ON UPDATE CASCADE
) ENGINE=InnoDB AUTO_INCREMENT=101 DEFAULT CHARSET=utf8 COLLATE=utf8_unicode_ci;

INSERT INTO `profiles` VALUES ('1','M','1988-07-26','true','53','2019-09-04 07:28:40','Jaskolskiland'),
('2','P','1983-12-30','true','39','2017-09-27 18:59:45','Giovannimouth'),
('3','D','1975-08-10','true','35','2001-10-13 05:49:46','South Pearlview'),
('4','M','1992-03-07','true','32','1994-03-17 03:26:53','Brennonhaven'),
('5','D','2013-10-08','true','85','2008-11-15 13:26:03','New Leslie'),
('6','P','1973-06-19','true','23','1981-04-28 09:33:52','Port Amos'),
('7','M','2007-08-24','true','87','1991-12-18 19:14:53','South Claudside'),
('8','P','2009-10-09','true','39','1987-03-20 03:58:29','Vonstad'),
('9','M','1986-09-08','true','19','2004-11-22 09:58:51','New Hassiemouth'),
('10','M','1970-10-13','true','84','1971-10-18 17:12:15','Savannamouth'),
('11','M','2003-02-10','true','36','1989-01-19 05:21:43','Lake Tobinborough'),
('12','P','1993-09-18','true','67','2017-06-13 13:39:23','Lake Melany'),
('13','P','2001-01-31','true','86','2019-11-29 21:56:37','West Efrain'),
('14','M','2000-09-16','true','91','2015-10-31 19:58:21','Leuschketown'),
('15','P','2006-08-21','true','8','1995-05-14 13:34:52','Morissetteport'),
('16','P','1998-10-26','true','71','1982-11-16 09:28:38','Pourosberg'),
('17','P','1989-05-17','true','27','1973-06-04 10:48:37','Port Rosiemouth'),
('18','M','2015-09-08','true','44','2008-05-30 01:57:24','East Lacyfurt'),
('19','D','2008-05-16','true','88','1975-12-30 05:36:20','Baileyside'),
('20','M','1987-08-26','true','20','2000-06-05 14:56:04','East Vaughn'),
('21','M','1989-10-09','true','15','1992-11-21 15:29:09','Ulisesshire'),
('22','D','2014-12-09','true','14','1972-09-06 18:11:46','West Delfinaton'),
('23','M','2012-10-05','true','67','1994-05-28 11:16:41','Tyreeland'),
('24','M','2003-12-24','true','45','1971-10-30 06:45:41','Port Carolyne'),
('25','P','1992-05-29','true','1','2011-01-11 10:25:43','Port Daynemouth'),
('26','M','1980-03-06','true','57','1994-05-27 07:17:15','Leathaburgh'),
('27','D','2001-06-08','true','18','1996-11-04 11:10:58','Providenciborough'),
('28','D','1982-07-15','true','50','2006-06-07 17:14:33','Evelineview'),
('29','M','2018-03-18','true','82','2005-09-04 03:35:56','Lebsackbury'),
('30','P','1974-06-10','true','32','1983-05-23 00:31:04','Lake Mariannashire'),
('31','P','1996-01-18','true','26','1985-01-23 05:16:43','Emmerichhaven'),
('32','M','2001-05-21','true','35','1995-12-28 22:22:32','Karsonport'),
('33','P','2014-02-23','true','70','2015-01-14 00:54:09','Lueilwitzport'),
('34','M','1999-10-07','true','61','1970-09-06 19:50:28','Nedramouth'),
('35','M','2007-01-18','true','67','2000-07-15 13:08:25','Reganland'),
('36','M','1992-06-30','true','54','2009-08-12 18:02:40','Rodrigochester'),
('37','M','1977-04-11','true','84','1973-02-01 06:38:20','North Bryce'),
('38','M','2001-05-04','true','54','1982-02-18 07:47:06','Charityview'),
('39','M','2005-10-23','true','93','2011-04-10 15:10:01','Ernserborough'),
('40','D','1973-11-14','true','2','1983-12-09 04:18:26','Mohammadbury'),
('41','D','1982-10-24','true','38','1978-05-21 16:34:29','Urielmouth'),
('42','P','2010-04-24','true','29','1974-09-20 10:30:50','East Norwood'),
('43','P','2002-01-14','true','69','1996-09-02 23:20:05','Lake Kevon'),
('44','P','2007-12-13','true','23','2018-05-15 08:54:43','Rorytown'),
('45','P','1970-12-10','true','19','1981-08-08 20:48:45','Myriambury'),
('46','P','2006-11-01','true','76','1980-01-21 14:53:16','Rickyberg'),
('47','M','1990-01-19','true','94','1972-03-09 13:15:41','Russelchester'),
('48','M','1996-07-22','true','45','1994-05-20 17:42:55','Port Celinebury'),
('49','M','1989-06-13','true','19','2007-08-16 05:43:19','Lake Luna'),
('50','M','2019-10-24','true','81','1983-06-28 00:38:49','Greenholtfurt'),
('51','P','2000-05-04','true','65','1971-02-04 00:20:37','Autumntown'),
('52','D','1976-02-02','true','34','1995-12-14 08:22:07','East Cecilia'),
('53','M','2010-12-28','true','95','1995-05-27 07:48:20','Port Trudie'),
('54','D','2003-06-22','true','32','1988-09-26 10:15:53','South Verdie'),
('55','D','1991-05-29','true','79','1994-12-21 10:11:16','Lake Ciara'),
('56','D','1971-02-13','true','95','2005-06-21 04:42:31','Damientown'),
('57','M','1978-08-30','true','88','1983-05-22 07:47:44','Marvinberg'),
('58','P','1983-02-03','true','96','1976-06-12 02:24:11','New Mittie'),
('59','D','2011-10-28','true','44','1971-04-28 01:25:48','Lake Camyllefurt'),
('60','P','2000-03-05','true','70','1992-05-31 09:22:31','McClureport'),
('61','P','2001-01-06','true','27','1983-08-13 11:35:08','Lilyanfurt'),
('62','M','1983-05-06','true','70','2001-02-10 11:13:31','Lake Archibald'),
('63','M','1979-10-13','true','5','1970-10-21 09:12:35','Edmondbury'),
('64','M','2019-07-09','true','97','1988-04-17 13:04:48','Sidborough'),
('65','M','1998-01-24','true','30','1995-05-14 02:43:27','Boyermouth'),
('66','M','1992-12-03','true','71','2000-07-11 09:45:49','East Isabelstad'),
('67','M','1988-04-24','true','51','1988-07-01 13:05:41','Gaetanofurt'),
('68','M','1980-06-24','true','13','2003-05-08 12:54:17','Hoegerfort'),
('69','M','1976-05-02','true','24','1977-09-19 16:52:28','East Jayda'),
('70','D','2016-06-21','true','43','2018-11-15 23:05:01','West Ellsworthfurt'),
('71','M','2010-09-27','true','15','1982-08-19 09:32:51','Willland'),
('72','M','1976-09-27','true','61','1971-01-20 03:14:39','Lake Milliemouth'),
('73','M','1977-03-04','true','72','1996-08-26 19:18:43','Sheilaland'),
('74','P','1975-04-26','true','83','2019-06-19 22:35:27','New Magdalena'),
('75','D','1972-06-20','true','84','1998-01-25 16:13:29','Jadynborough'),
('76','D','1982-10-15','true','90','1990-12-07 18:32:06','New Orlandmouth'),
('77','M','2006-02-12','true','59','1983-10-21 00:50:41','Oscarshire'),
('78','P','1974-01-28','true','77','1981-07-02 18:41:38','North Irving'),
('79','D','2018-10-23','true','35','2012-12-09 02:28:52','Staceymouth'),
('80','M','2001-11-06','true','77','1990-02-21 21:59:02','Port Jackfort'),
('81','D','1971-08-18','true','58','1993-11-27 06:27:39','Port Shanetown'),
('82','M','1971-06-28','true','100','2009-05-31 16:00:55','Lake Annette'),
('83','M','1992-04-30','true','11','2013-12-13 13:07:23','New Paultown'),
('84','D','1971-12-05','true','52','1991-04-16 03:58:47','North Eusebio'),
('85','P','1983-01-28','true','31','1996-04-08 13:33:46','Nienowbury'),
('86','D','1991-11-12','true','89','1979-10-08 15:02:50','Marksborough'),
('87','M','2018-02-21','true','47','2001-01-08 18:03:48','South Gus'),
('88','D','2010-10-13','true','19','1994-11-04 11:42:08','Port Taya'),
('89','D','2013-10-19','true','85','1996-08-15 15:43:26','Muellerfurt'),
('90','D','2008-11-20','true','91','2012-03-17 11:18:51','Dietrichhaven'),
('91','D','2003-02-09','true','89','1991-02-01 08:20:19','Cartwrightbury'),
('92','M','1979-03-16','true','11','2010-08-21 23:47:40','North Jessytown'),
('93','M','1979-12-19','true','60','1982-11-09 18:43:13','South Darlene'),
('94','P','2010-06-15','true','93','1980-03-06 11:54:14','Gwendolynview'),
('95','M','2002-07-08','true','8','1982-05-07 04:27:57','Dariusview'),
('96','D','2008-06-30','true','90','2011-05-15 01:50:37','East Cotyside'),
('97','P','1976-04-19','true','64','1979-03-09 13:28:43','Tremblaychester'),
('98','M','1974-08-14','true','58','1973-09-14 08:40:15','Othochester'),
('99','M','2004-08-17','true','3','1980-04-30 14:02:31','Robertsside'),
('100','D','2011-12-21','true','88','1986-03-31 14:10:56','North Raphaellemouth'); 


DROP TABLE IF EXISTS `communities`;
CREATE TABLE `communities` (
  `id` bigint(20) unsigned NOT NULL AUTO_INCREMENT,
  `name` varchar(150) COLLATE utf8_unicode_ci DEFAULT NULL,
  PRIMARY KEY (`id`),
  KEY `communities_name_idx` (`name`)
) ENGINE=InnoDB AUTO_INCREMENT=16 DEFAULT CHARSET=utf8 COLLATE=utf8_unicode_ci;

INSERT INTO `communities` VALUES ('8','ad'),
('12','cum'),
('14','cumque'),
('6','cupiditate'),
('2','est'),
('3','et'),
('15','facere'),
('7','harum'),
('11','inventore'),
('13','nulla'),
('4','omnis'),
('9','qui'),
('5','ratione'),
('10','saepe'),
('1','ut'); 

DROP TABLE IF EXISTS `users_communities`;
CREATE TABLE `users_communities` (
  `user_id` bigint(20) unsigned NOT NULL,
  `community_id` bigint(20) unsigned NOT NULL,
  PRIMARY KEY (`user_id`,`community_id`),
  KEY `community_id` (`community_id`),
  CONSTRAINT `users_communities_ibfk_1` FOREIGN KEY (`user_id`) REFERENCES `users` (`id`),
  CONSTRAINT `users_communities_ibfk_2` FOREIGN KEY (`community_id`) REFERENCES `communities` (`id`)
) ENGINE=InnoDB DEFAULT CHARSET=utf8 COLLATE=utf8_unicode_ci;

INSERT INTO `users_communities` VALUES ('4','8'),
('10','6'),
('10','12'),
('10','13'),
('11','10'),
('12','4'),
('12','10'),
('13','11'),
('14','6'),
('18','14'),
('21','12'),
('28','4'),
('28','13'),
('29','10'),
('42','2'),
('47','9'),
('49','15'),
('53','9'),
('53','14'),
('54','5'),
('56','3'),
('57','2'),
('59','2'),
('60','14'),
('63','14'),
('65','11'),
('66','2'),
('67','11'),
('70','14'),
('80','12'),
('87','9'),
('89','10'),
('90','5'),
('91','11'),
('95','1'),
('95','6'),
('98','13'); 


DROP TABLE IF EXISTS `education_and_career`;
CREATE TABLE `education_and_career` (
  `profile_id` bigint(20) unsigned NOT NULL AUTO_INCREMENT,
  `school` varchar(100) COLLATE utf8_unicode_ci DEFAULT NULL,
  `class` char(1) COLLATE utf8_unicode_ci DEFAULT NULL,
  `school_started_at` datetime DEFAULT NULL,
  `school_ended_at` datetime DEFAULT NULL,
  `university` varchar(100) COLLATE utf8_unicode_ci DEFAULT NULL,
  `faculty` varchar(100) COLLATE utf8_unicode_ci DEFAULT NULL,
  `profession` varchar(100) COLLATE utf8_unicode_ci DEFAULT NULL,
  `university_started_at` datetime DEFAULT NULL,
  `university_ended_at` datetime DEFAULT NULL,
  `army_service` varchar(100) COLLATE utf8_unicode_ci DEFAULT NULL,
  `army_part` varchar(100) COLLATE utf8_unicode_ci DEFAULT NULL,
  `army_service_started_at` datetime DEFAULT NULL,
  `army_service_ended_at` datetime DEFAULT NULL,
  `job` varchar(100) COLLATE utf8_unicode_ci DEFAULT NULL,
  `department` varchar(100) COLLATE utf8_unicode_ci DEFAULT NULL,
  `position` varchar(100) COLLATE utf8_unicode_ci DEFAULT NULL,
  `job_started_at` datetime DEFAULT NULL,
  `job_ended_at` datetime DEFAULT NULL,
  PRIMARY KEY (`profile_id`),
  KEY `school` (`school`,`class`,`school_ended_at`),
  KEY `school_2` (`school`,`school_ended_at`),
  KEY `university` (`university`,`university_started_at`),
  KEY `university_2` (`university`,`university_ended_at`),
  KEY `university_3` (`university`,`faculty`,`university_started_at`),
  KEY `university_4` (`university`,`profession`,`university_started_at`),
  KEY `university_5` (`university`,`profession`,`university_ended_at`),
  KEY `army_service` (`army_service`,`army_service_started_at`),
  KEY `army_service_2` (`army_service`,`army_service_ended_at`),
  KEY `army_service_3` (`army_service`,`army_part`,`army_service_started_at`),
  KEY `army_service_4` (`army_service`,`army_part`,`army_service_ended_at`),
  KEY `job` (`job`),
  KEY `job_2` (`job`,`department`),
  CONSTRAINT `education_and_career_ibfk_1` FOREIGN KEY (`profile_id`) REFERENCES `profiles` (`user_id`)
) ENGINE=InnoDB AUTO_INCREMENT=101 DEFAULT CHARSET=utf8 COLLATE=utf8_unicode_ci;

INSERT INTO `education_and_career` VALUES ('1','Unde sit aliquid consequuntur vero magni doloribus cumque. Vel odit delectus qui quia placeat vel do','k','2010-10-25 00:00:00','1992-02-19 00:00:00','Commodi et laboriosam cupiditate occaecati autem.','dicta','nihil','1970-03-26 00:00:00','1970-07-13 00:00:00','Quas omnis quas corporis nihil odit voluptas nulla incidunt. Consequatur dolores consequatur nesciun','aut','1989-04-18 00:00:00','2001-01-28 00:00:00','Sunt eos saepe ea voluptatem sit. Nesciunt assumenda non quae aliquid repudiandae. Placeat tempore d','fugit','cumque','1983-03-19 00:00:00','2005-02-18 00:00:00'),
('2','Ducimus quod delectus ut molestiae tempore. Quia aliquam blanditiis tenetur debitis. Voluptatem quia','t','2000-12-24 00:00:00','2005-05-26 00:00:00','Tempora doloremque expedita deserunt accusamus nihil nobis.','atque','praesentium','1996-07-28 00:00:00','2001-01-08 00:00:00','Quia eos fuga consequatur non in est velit. Molestiae dolor quidem alias unde nemo. Rerum ut volupta','a','2015-02-26 00:00:00','1996-06-12 00:00:00','Dolor deserunt enim tenetur velit. Ipsum architecto eos non quod incidunt sed consequuntur. Quia rer','architecto','est','1976-11-14 00:00:00','1995-05-05 00:00:00'),
('3','Animi et impedit nostrum maiores assumenda inventore. Deleniti fuga quam non et illum. Adipisci eius','l','2003-01-31 00:00:00','1988-11-19 00:00:00','Vel rem quae omnis consectetur.','est','necessitatibus','1970-02-09 00:00:00','2015-12-08 00:00:00','Corrupti vel officia eaque sit. Reprehenderit accusantium et non exercitationem vero tempore est. Es','iste','1978-01-16 00:00:00','1991-08-11 00:00:00','Delectus aspernatur mollitia temporibus. Non dolorem quia nostrum cumque ea eius. Est earum deleniti','tempora','porro','1994-12-17 00:00:00','2012-10-15 00:00:00'),
('4','Sit quos dolorum atque. Nihil quam dignissimos ducimus libero maiores. Sed et repudiandae ratione od','o','2018-07-06 00:00:00','1997-01-03 00:00:00','Voluptatem consequatur perferendis aliquid deleniti.','odio','perferendis','1990-02-07 00:00:00','1986-11-12 00:00:00','Optio optio itaque sed error est iste dolorum. Consequatur sit neque illo consequatur sint et dolore','repudiandae','2018-11-22 00:00:00','1982-12-10 00:00:00','Sequi veritatis totam earum ut ab. Eos doloribus eum magnam quo voluptatem eligendi dicta. Quis plac','accusantium','minima','2011-07-03 00:00:00','1988-02-08 00:00:00'),
('5','Culpa est nam culpa sapiente dolor sit aut. Assumenda accusamus eos sed modi quam est doloremque ver','o','2018-11-29 00:00:00','2001-12-10 00:00:00','Vel alias qui rerum illo ab itaque ratione.','perferendis','voluptate','2004-01-09 00:00:00','2019-09-18 00:00:00','Dolores aliquid voluptatum necessitatibus consequatur illo. Qui illo sint praesentium et. Quia modi ','qui','1974-01-12 00:00:00','1984-08-27 00:00:00','Modi veniam aliquam fuga aspernatur vel non. Et veritatis sit quas.','maiores','dolore','1973-02-26 00:00:00','1984-06-06 00:00:00'),
('6','Fugiat ipsam repudiandae consequatur nihil quasi vel laboriosam. Veniam fugiat et facere doloribus v','q','1976-08-20 00:00:00','1979-07-04 00:00:00','Voluptates minima neque at quia pariatur natus.','quod','dolorem','1995-01-05 00:00:00','1999-06-04 00:00:00','Voluptatum qui culpa nisi explicabo qui non esse. Est occaecati consectetur molestias. Est aut est a','ut','2000-11-07 00:00:00','1992-12-14 00:00:00','Nisi tempora in reprehenderit incidunt quia sapiente. Saepe id beatae placeat eos ea nam et. Autem o','ut','quo','1976-11-15 00:00:00','1995-11-28 00:00:00'),
('7','Officiis esse et veritatis aperiam consequuntur voluptatem rem. Officiis necessitatibus distinctio i','u','1983-04-20 00:00:00','1979-01-07 00:00:00','Iure rerum possimus sed et ut possimus.','similique','iste','1982-06-23 00:00:00','1983-05-07 00:00:00','Voluptate omnis sed aut dolorum sunt laborum. Voluptate et iusto et minima vero. Commodi et fuga lib','maiores','1993-06-30 00:00:00','2020-01-23 00:00:00','Perspiciatis in ut est inventore aut voluptas accusamus omnis. Sit provident et accusamus saepe. Del','distinctio','voluptate','1996-03-24 00:00:00','1988-02-18 00:00:00'),
('8','Aut quis architecto in quo et sunt. Vitae aut eligendi necessitatibus qui quod possimus voluptatibus','u','2007-01-22 00:00:00','2009-11-25 00:00:00','Voluptate sit natus voluptates culpa voluptatem soluta nesciunt.','nihil','maiores','2020-01-14 00:00:00','1976-12-20 00:00:00','Aut beatae soluta doloribus ducimus voluptatibus qui. Perspiciatis minima hic sint. Accusamus totam ','sit','1970-09-10 00:00:00','2001-06-09 00:00:00','Voluptatem ab magnam libero occaecati iusto. Aliquid occaecati in magni sint omnis fugiat. Ut simili','impedit','velit','1988-06-10 00:00:00','1982-01-22 00:00:00'),
('9','Eum facere est deserunt. Est rerum aut eos quo totam dolorem dolore. In id non neque magni. Veritati','t','1970-07-07 00:00:00','1993-12-27 00:00:00','Esse aut est est unde omnis.','enim','quia','2009-11-30 00:00:00','2006-10-07 00:00:00','Omnis dolorem magni hic est vero. Id voluptatem nihil provident libero et ad earum. Cumque eum ex es','qui','1995-03-03 00:00:00','2019-11-24 00:00:00','Et cumque modi dolor ut adipisci excepturi id. Natus rerum maiores autem eos. Eaque qui occaecati oc','iure','vero','1976-06-15 00:00:00','2003-08-17 00:00:00'),
('10','Sed sit modi facere esse et. Quo eligendi eveniet velit asperiores soluta voluptatum aut.','q','2004-03-16 00:00:00','2017-09-26 00:00:00','Odio et voluptas sit voluptates repellat perferendis et.','maxime','voluptatibus','1973-08-31 00:00:00','1999-06-19 00:00:00','Rerum maxime quos excepturi ut aperiam tenetur. Occaecati quo ut cum eaque est dolores facilis. Non ','ut','1986-05-09 00:00:00','1981-01-11 00:00:00','Ullam enim sed asperiores repudiandae reiciendis aliquam. Natus quibusdam magni repudiandae quis sin','molestias','cum','1975-10-26 00:00:00','1991-12-19 00:00:00'),
('11','Iste et quo et commodi dolor in adipisci. Est voluptatem eum eveniet velit id molestias commodi dolo','f','2002-10-29 00:00:00','1981-02-09 00:00:00','Itaque molestiae consequuntur occaecati omnis architecto molestiae impedit.','alias','deleniti','2018-08-11 00:00:00','1987-10-11 00:00:00','Quo unde sapiente ut asperiores. Hic esse debitis ea non et et. Ut quam voluptas placeat excepturi l','voluptas','1999-07-14 00:00:00','1998-05-02 00:00:00','Rerum distinctio veritatis iste. Dolorem consequuntur nesciunt repudiandae qui perferendis dolor vol','ut','quia','2014-10-04 00:00:00','2017-10-22 00:00:00'),
('12','Dolorem optio repellat dolores provident sit nesciunt. Nisi eius repellat illum quaerat cumque corru','x','2019-03-20 00:00:00','1982-09-11 00:00:00','Omnis soluta quo eos.','voluptas','et','1996-02-15 00:00:00','2014-10-14 00:00:00','Necessitatibus praesentium id et omnis veritatis similique officiis. Quis sed dignissimos at alias d','non','2006-04-02 00:00:00','2016-07-02 00:00:00','Deserunt in dolor et architecto quos enim placeat. Harum modi voluptatum facere minima. Culpa repell','ea','itaque','2016-09-25 00:00:00','1992-05-18 00:00:00'),
('13','Repellat tempore est aliquid qui in. Unde pariatur occaecati et optio velit in. Quam quia ipsa enim ','k','1995-11-22 00:00:00','2001-01-20 00:00:00','Ut omnis omnis est assumenda et voluptatem corrupti voluptatum.','dolores','earum','2019-07-08 00:00:00','1992-01-02 00:00:00','Consequuntur fugiat distinctio non quia iure aut et. Et perspiciatis non reiciendis id. Aspernatur r','quia','1988-05-18 00:00:00','2006-09-20 00:00:00','Autem dolorum ratione eum ipsam error alias. Asperiores consequatur et error alias nemo labore velit','a','ipsa','1999-09-21 00:00:00','1987-01-16 00:00:00'),
('14','Temporibus rerum sunt optio architecto non vel officiis. Quo aut error veritatis modi. Suscipit cons','q','1975-09-13 00:00:00','1975-05-03 00:00:00','Est error asperiores id eum dolor repellat maiores similique.','cumque','eveniet','1999-01-26 00:00:00','1973-04-16 00:00:00','Vero ipsum facilis eum pariatur impedit dolorem blanditiis. Aspernatur ut eum nobis et.','quos','2003-08-06 00:00:00','1980-02-05 00:00:00','Eum non eveniet dolor et velit et. Suscipit vel neque vel et quisquam quis omnis.','architecto','neque','1973-04-23 00:00:00','1981-02-02 00:00:00'),
('15','Aut et exercitationem aperiam magni voluptas sint maiores et. Est alias animi architecto beatae enim','v','1970-08-04 00:00:00','2001-05-07 00:00:00','Accusamus illo natus est possimus qui provident excepturi quae.','dolores','ut','1978-09-04 00:00:00','1996-12-02 00:00:00','Sed sint ex repudiandae velit. Sequi qui consequatur quaerat quo fuga perspiciatis. Quod quae et del','corporis','1977-04-29 00:00:00','1974-07-29 00:00:00','Rerum deleniti dolorem expedita numquam iusto omnis. Occaecati ratione dolores dolorem quia sunt. Se','soluta','ut','1974-10-13 00:00:00','1989-12-25 00:00:00'),
('16','Molestiae id vero mollitia nemo similique est accusantium. Rerum a ut ab blanditiis optio rem. Assum','u','2002-10-07 00:00:00','2014-03-06 00:00:00','Ad exercitationem possimus reiciendis omnis sed excepturi et voluptatem.','doloribus','nam','2018-07-08 00:00:00','1994-09-23 00:00:00','Eum quod est et amet soluta iusto. Voluptas ad itaque aut reiciendis non nihil. Explicabo maiores sa','amet','2007-03-12 00:00:00','1982-09-25 00:00:00','Eos soluta distinctio voluptate aperiam qui qui. Perferendis sit molestiae minus molestias aliquid n','tempore','sed','1973-12-31 00:00:00','1983-02-21 00:00:00'),
('17','Qui nesciunt hic dolorem ipsa dolor eum tempore dolores. Vitae atque mollitia omnis eveniet saepe co','s','2014-08-17 00:00:00','1994-08-04 00:00:00','Ea natus reprehenderit aperiam consequatur odit magni tenetur.','velit','incidunt','2006-06-21 00:00:00','2010-06-17 00:00:00','Mollitia esse corporis tempore occaecati cumque. Omnis iusto dignissimos amet et repellat delectus m','quae','2003-12-24 00:00:00','1975-05-24 00:00:00','Quae placeat maiores eligendi id eos recusandae quasi nostrum. Odio perferendis molestiae suscipit q','ut','quam','1976-05-19 00:00:00','1986-06-13 00:00:00'),
('18','Nulla eveniet et sit modi ipsa. Perspiciatis rem fuga dolore incidunt voluptas.','z','2011-02-18 00:00:00','1984-07-15 00:00:00','Est dolorem voluptate et sapiente.','dolores','nulla','1989-10-14 00:00:00','1972-12-26 00:00:00','Odit reprehenderit nihil aliquam nisi. Animi optio nobis consectetur architecto. Consequatur vel duc','et','1978-01-08 00:00:00','2003-10-17 00:00:00','Aut dolorem maiores eligendi impedit ducimus. Inventore omnis similique laboriosam dolore veniam iur','alias','ut','2008-01-28 00:00:00','2011-01-19 00:00:00'),
('19','Nostrum dicta unde est. Sunt qui est ipsam eum aliquid. Beatae laudantium aut necessitatibus esse eo','b','1996-01-05 00:00:00','2005-02-19 00:00:00','Minima itaque magnam exercitationem minima architecto.','non','veritatis','1980-05-08 00:00:00','2013-05-28 00:00:00','Est inventore earum voluptatem est aliquid. Natus et et dolor deserunt. Molestiae voluptatem aut ver','voluptatem','2006-10-16 00:00:00','2003-11-05 00:00:00','Debitis ut aut quaerat dolores. Aperiam qui voluptas fuga dolor. Explicabo asperiores numquam omnis ','quos','numquam','1997-05-04 00:00:00','1995-04-01 00:00:00'),
('20','Eaque beatae ipsam delectus ut accusantium magni enim. Adipisci praesentium quibusdam labore molesti','f','1978-11-07 00:00:00','1971-09-30 00:00:00','Illum magnam et placeat porro quia.','eum','recusandae','2016-05-07 00:00:00','1991-09-06 00:00:00','Ut quis officia qui pariatur. Molestias voluptatum et necessitatibus numquam ut aut incidunt. Deleni','necessitatibus','1972-03-21 00:00:00','1971-11-04 00:00:00','Assumenda voluptas dolore voluptatem molestiae dolorem. Repudiandae eos exercitationem quod et delec','ipsum','et','1982-06-14 00:00:00','2005-11-12 00:00:00'),
('21','Suscipit eligendi rem corrupti aut aut autem et voluptates. Est at voluptatum praesentium delectus. ','o','1997-12-03 00:00:00','1980-09-18 00:00:00','Sequi beatae ad eos tempore id assumenda.','et','magnam','1996-01-02 00:00:00','1972-02-27 00:00:00','Iste veniam excepturi quidem. Labore cumque nesciunt impedit eos. Corporis quas error in odio. Nihil','ipsam','1987-04-14 00:00:00','2006-09-29 00:00:00','Placeat optio laudantium et labore numquam facilis voluptatem. Perspiciatis dicta necessitatibus nos','ut','perspiciatis','1973-11-29 00:00:00','2004-06-17 00:00:00'),
('22','Velit praesentium iure excepturi officiis. Iste quod eos cum non.','f','2008-12-19 00:00:00','2018-01-30 00:00:00','Sit voluptatibus placeat adipisci tempora.','aut','qui','1970-12-20 00:00:00','1979-11-15 00:00:00','Id quas sunt illum omnis cumque adipisci. Eum reprehenderit reiciendis voluptatum cum id.','dolor','1980-02-29 00:00:00','1978-02-18 00:00:00','Id sit et rerum ipsum sed blanditiis. Odit modi tempore ut quidem qui non pariatur. Eos perspiciatis','beatae','consequatur','1989-07-14 00:00:00','1978-03-04 00:00:00'),
('23','Autem cumque consequatur sed minus voluptas ipsam quaerat fuga. Consequuntur aut adipisci dolorum.','t','1996-09-30 00:00:00','2013-01-09 00:00:00','Est earum voluptatem dolores aliquid ut.','est','odit','2008-11-17 00:00:00','2009-01-02 00:00:00','Tenetur eos sit ut molestiae. Maiores ex sunt vel. Facere magni blanditiis cumque ex et dolores qui ','aliquam','2014-11-21 00:00:00','1980-01-11 00:00:00','Facere nihil inventore quos sed. Provident sed id molestiae ratione numquam tenetur ut.','quibusdam','et','1979-03-03 00:00:00','2004-01-15 00:00:00'),
('24','Nihil quia qui aliquid dolorum voluptatibus est eos. Corporis ut ratione voluptatem omnis quo quibus','y','1992-08-22 00:00:00','1979-10-10 00:00:00','Rerum commodi non velit nihil voluptatem.','nesciunt','iusto','1986-10-26 00:00:00','1987-01-26 00:00:00','Non fugit hic fugit incidunt libero maxime nesciunt. Veniam quo culpa nobis molestiae quibusdam.','non','2004-12-15 00:00:00','2007-05-05 00:00:00','Eum sunt nulla autem facere similique eius placeat dolorum. Ea sit et magni vero aut.','molestias','maiores','1977-09-08 00:00:00','1991-05-26 00:00:00'),
('25','Debitis ut aut impedit autem facilis maxime quas. Dolore consectetur nam temporibus laboriosam adipi','v','2002-12-20 00:00:00','1990-01-03 00:00:00','Autem dolor dicta sint qui.','asperiores','sequi','1971-12-25 00:00:00','2011-07-16 00:00:00','Eum nam repellat deserunt velit. Eligendi ipsa accusantium perferendis qui voluptatem deleniti volup','dolore','1999-04-26 00:00:00','2001-06-28 00:00:00','Ipsum esse qui ab consequuntur maxime. Sequi repellendus perferendis et. Voluptatum culpa aspernatur','autem','vitae','1982-07-14 00:00:00','1991-07-21 00:00:00'),
('26','Dolore cum exercitationem et minus nostrum autem. Quod ipsa voluptate non consequatur. Ut odio dicta','i','1982-05-28 00:00:00','2000-06-04 00:00:00','Ipsa cum et exercitationem quo ea debitis aut.','veritatis','aperiam','1970-10-29 00:00:00','2007-11-08 00:00:00','Doloremque voluptatum eos aut sit iste qui doloremque provident. Incidunt nulla ipsa fuga. Ut eos it','id','2014-11-02 00:00:00','1983-04-28 00:00:00','Quod aliquam eligendi voluptatem voluptates qui dolorem neque. Iste est ut ut distinctio. Excepturi ','eveniet','ad','1976-08-29 00:00:00','2006-10-26 00:00:00'),
('27','Sequi est ratione rerum qui id asperiores qui. Consequatur laboriosam quia quasi ea. Qui reprehender','v','1993-02-23 00:00:00','2004-03-03 00:00:00','Quo molestiae autem ad ut quasi et expedita.','est','id','1977-03-26 00:00:00','1999-12-02 00:00:00','Quo error quam dolor. Ut et officia corporis sint perferendis. Deserunt similique eligendi placeat s','velit','2007-09-15 00:00:00','1971-02-23 00:00:00','Quisquam at quo voluptas et nobis reprehenderit. Voluptate pariatur autem temporibus ut. Laborum cor','illum','ratione','2017-05-01 00:00:00','1983-11-09 00:00:00'),
('28','Vel quia ducimus dicta et et cum tempore. Expedita aut a est eaque. Neque aut rem dicta est quisquam','h','1980-08-01 00:00:00','1979-06-18 00:00:00','Fuga quis et vitae ex doloribus.','mollitia','consectetur','1997-10-12 00:00:00','2016-05-13 00:00:00','Corporis totam voluptates voluptatem. Suscipit eligendi fugit rem est numquam accusamus. Inventore c','aperiam','1989-04-20 00:00:00','2007-07-09 00:00:00','Unde exercitationem in ut. Est adipisci sed iusto repudiandae rem sint suscipit.','quo','neque','2000-02-04 00:00:00','1970-10-20 00:00:00'),
('29','Veniam accusamus quo eius hic deserunt molestiae. Consectetur ut laboriosam ex quo eveniet tenetur n','u','2010-08-27 00:00:00','2002-05-11 00:00:00','Deserunt aut deleniti quis et voluptas consectetur pariatur.','minima','corporis','2014-12-05 00:00:00','1998-06-24 00:00:00','Molestias at ut unde doloremque ut itaque. Qui ipsa fugiat eos qui aut voluptate. Inventore minus ev','minima','1983-05-06 00:00:00','1979-08-02 00:00:00','Cum molestiae quia perspiciatis et veritatis. Rerum possimus non aut voluptatibus repellendus qui an','cum','recusandae','2003-06-18 00:00:00','1979-04-11 00:00:00'),
('30','Animi consectetur labore dolorem suscipit distinctio. Dolores eum cupiditate soluta nisi. Architecto','e','2013-09-01 00:00:00','1995-07-23 00:00:00','Qui enim quaerat eaque nisi aut.','adipisci','consequatur','2013-03-14 00:00:00','1971-06-08 00:00:00','Occaecati laborum quaerat ut nisi neque. Hic voluptate eaque delectus voluptatem.','repellendus','2001-08-02 00:00:00','1996-07-04 00:00:00','Maxime ut aut ut dolores. Et aliquid eos fugit ipsam. Eveniet autem ducimus sunt qui laboriosam volu','facilis','ipsa','1977-02-25 00:00:00','1980-05-09 00:00:00'),
('31','Excepturi temporibus amet molestias odit hic. In repellat vero qui nihil molestias quasi. Dolor erro','a','1978-08-26 00:00:00','2013-02-01 00:00:00','Quasi rem molestiae totam eligendi rem sed.','non','est','2010-03-16 00:00:00','2006-12-26 00:00:00','Dolorum inventore est quas voluptatem consequatur et tempore. Porro dolor quaerat sed pariatur eos d','molestiae','1995-07-10 00:00:00','1976-03-21 00:00:00','In quo iusto aut asperiores. Eius id et laudantium est. Id ut sed quidem.','pariatur','maxime','2005-10-20 00:00:00','2001-11-04 00:00:00'),
('32','Quam sequi aliquid repudiandae repellendus mollitia quia alias. Modi qui voluptatem omnis provident ','u','1988-03-19 00:00:00','2006-06-13 00:00:00','Sed harum eius ut dolor.','ea','sit','2011-10-18 00:00:00','2014-11-05 00:00:00','Deserunt officia libero error eius sit. Deleniti et sed dicta aut mollitia est eos. Labore ut volupt','illum','1970-04-30 00:00:00','2003-07-18 00:00:00','Aut rerum aut ut necessitatibus repudiandae tempore iusto. Veritatis laborum repellendus laboriosam ','magnam','voluptatum','1995-11-08 00:00:00','2017-10-16 00:00:00'),
('33','Voluptas sit dignissimos inventore voluptatem voluptas. Explicabo officiis aut ratione libero deleni','k','2019-09-25 00:00:00','1991-08-29 00:00:00','Quasi quia in quo totam neque.','ad','quo','1987-02-08 00:00:00','1992-05-13 00:00:00','Voluptates voluptatem enim modi. Dolore sunt ipsum dolore aut. Recusandae laudantium doloremque dele','exercitationem','2018-06-09 00:00:00','1993-05-31 00:00:00','Blanditiis saepe inventore ad temporibus. Fugit autem eum fuga tenetur ea ut. Quos autem omnis et.','nostrum','aperiam','1979-06-07 00:00:00','1998-10-03 00:00:00'),
('34','In quibusdam magni non deleniti cupiditate officia vero. Autem nihil ut quas blanditiis accusantium ','x','2019-10-20 00:00:00','1998-03-11 00:00:00','Dolor aspernatur et eum nemo autem eos.','perferendis','ad','2012-12-20 00:00:00','1986-05-01 00:00:00','Inventore sequi magnam quia voluptates esse facere consectetur. In atque debitis dolores numquam con','sapiente','1974-09-04 00:00:00','2009-12-20 00:00:00','Incidunt id quibusdam deleniti et molestias. Nihil qui et omnis perspiciatis quia eum. Beatae tempor','eum','ut','2016-10-28 00:00:00','2008-05-29 00:00:00'),
('35','Magni sunt non odio qui. Error alias ut praesentium voluptate ea vel. Excepturi laudantium aut et iu','x','1971-09-26 00:00:00','1977-09-09 00:00:00','Sed ut eos quos dicta.','nostrum','eum','1972-02-03 00:00:00','1974-05-20 00:00:00','Sed quos laborum est quasi. Aperiam eligendi molestias facere nemo autem rerum debitis. Quasi sit fu','et','2014-12-29 00:00:00','2018-07-14 00:00:00','Sunt delectus dolores inventore cumque. Veniam perferendis est quia quia. Pariatur hic autem dolorem','cumque','hic','1982-01-13 00:00:00','1984-01-27 00:00:00'),
('36','Enim rem ea excepturi praesentium. In a est magni eos voluptatem harum hic. Eos est ipsam expedita u','i','1970-03-24 00:00:00','2001-07-10 00:00:00','Quia asperiores consequatur quidem placeat doloremque quidem assumenda.','voluptatibus','quia','2010-04-07 00:00:00','1970-08-28 00:00:00','Ea aut quas qui rerum enim. Quae voluptate sed praesentium corrupti amet. Dolorum accusamus soluta a','dignissimos','1974-07-03 00:00:00','1985-01-15 00:00:00','Voluptatem vel soluta incidunt consequatur maxime corrupti sunt. Exercitationem et neque est quod po','voluptas','reiciendis','2002-08-02 00:00:00','1985-08-07 00:00:00'),
('37','Dolorem distinctio tempora consequuntur quia. Et ut quas dicta.','z','2015-04-16 00:00:00','1971-02-19 00:00:00','Aspernatur hic explicabo consequuntur voluptas consectetur ea praesentium et.','ea','soluta','1985-09-09 00:00:00','2012-05-25 00:00:00','Omnis distinctio in assumenda numquam quisquam neque eius. Quibusdam quidem inventore earum molestia','numquam','1991-01-08 00:00:00','1990-09-06 00:00:00','Eaque quia aut voluptatibus deserunt incidunt dolorem. Reiciendis amet recusandae sapiente. Amet et ','minima','perferendis','2019-10-03 00:00:00','1974-04-02 00:00:00'),
('38','Quo error aliquid quia omnis voluptatem fuga corrupti. Corrupti aspernatur similique aliquid accusan','w','2016-11-22 00:00:00','1979-06-13 00:00:00','Voluptatem omnis pariatur eveniet voluptate at et aut quis.','vitae','corporis','2003-01-02 00:00:00','1982-08-27 00:00:00','Accusamus adipisci quae veniam. Laboriosam impedit qui accusantium facilis delectus.','voluptatum','2016-09-08 00:00:00','1997-06-20 00:00:00','Nihil sint quam aperiam. Odio neque deleniti qui. Eos et perferendis ut dolores quos occaecati. Susc','iure','quis','2002-05-08 00:00:00','1981-03-13 00:00:00'),
('39','Labore quod aliquid voluptates quis. Dignissimos dolor amet nesciunt sed molestias ad voluptatum. To','t','1997-01-30 00:00:00','1982-04-26 00:00:00','Iusto voluptatem non beatae perspiciatis sit aut.','accusantium','vero','1995-07-05 00:00:00','1998-11-22 00:00:00','Ut laboriosam est aut et iste qui repellat magnam. Est quasi eveniet animi dolorum numquam. Cumque c','quia','1989-04-24 00:00:00','2013-02-03 00:00:00','Sequi nobis qui maxime consequatur. Corporis vel qui sint ipsum velit molestiae modi minima. Delectu','expedita','a','2002-02-26 00:00:00','1981-08-21 00:00:00'),
('40','Commodi assumenda velit consequuntur. Cum odio et vitae asperiores consequatur qui. Error libero sap','k','1992-02-16 00:00:00','1986-01-06 00:00:00','Non ut qui velit quidem voluptas eum omnis et.','officia','quibusdam','1973-01-19 00:00:00','2015-02-28 00:00:00','Qui velit molestias nostrum sunt non fugiat. Velit eius error est magni atque. Officia quia omnis co','minima','1973-05-20 00:00:00','1984-05-23 00:00:00','Assumenda voluptas quam ut veniam. Temporibus est facere fuga velit aut quaerat autem. Animi dolorem','at','numquam','1988-03-08 00:00:00','2016-03-02 00:00:00'),
('41','Corporis sit eligendi earum. Dolorem nisi beatae non rem sunt. Doloribus minus aut possimus minus do','d','2014-04-11 00:00:00','2000-04-11 00:00:00','Aut cum distinctio blanditiis iste.','neque','incidunt','1994-07-09 00:00:00','2003-01-26 00:00:00','Facere eligendi aut quia deserunt aliquam itaque natus. In minima dolorem omnis dolorum. Et error es','ut','1984-02-05 00:00:00','2003-01-20 00:00:00','Sit necessitatibus ad est dolore a ad eos. Molestias rerum officiis occaecati possimus quia voluptat','numquam','quo','1971-09-05 00:00:00','1992-01-10 00:00:00'),
('42','Eligendi et quisquam facilis quidem dolor in est. Quae aliquam et cum quo adipisci. Et quasi qui sin','z','1971-06-29 00:00:00','2018-06-13 00:00:00','Quis architecto in unde distinctio illum tenetur odit.','ipsum','sed','1980-05-09 00:00:00','1971-09-20 00:00:00','Illum corrupti sunt sint ex. Est est debitis veniam qui ipsam necessitatibus non. Quam fugit quis fa','est','2009-09-24 00:00:00','2000-11-20 00:00:00','Iure est et non autem veritatis unde. Sapiente voluptates omnis et dolorum nesciunt quasi et.','rem','eaque','2018-03-14 00:00:00','1972-09-02 00:00:00'),
('43','Sunt at aliquid qui nesciunt incidunt nostrum perspiciatis aut. Consequatur facilis quis est nostrum','r','2014-05-26 00:00:00','2004-10-30 00:00:00','Voluptas aut tempore asperiores voluptas soluta deleniti.','voluptatum','voluptatem','2005-08-29 00:00:00','2015-03-22 00:00:00','Delectus est nemo quis voluptates consectetur doloremque animi occaecati. Ut minima sapiente magni e','minus','1999-07-16 00:00:00','2011-02-24 00:00:00','Ut accusamus libero ducimus consequatur iusto omnis. Ut iure sapiente aut aut odio exercitationem mo','error','dolores','1981-05-19 00:00:00','2019-10-16 00:00:00'),
('44','Pariatur quia perferendis neque commodi adipisci voluptates. Voluptate sit culpa magni itaque. Nihil','w','1998-10-25 00:00:00','1984-04-13 00:00:00','At voluptas inventore sit nesciunt.','necessitatibus','non','1992-06-22 00:00:00','1978-10-02 00:00:00','Consequuntur quo quam nihil sint ullam earum est. Nisi ad corrupti quidem aut laudantium enim a. Sae','nulla','2016-11-26 00:00:00','1970-04-07 00:00:00','Molestias sunt delectus quisquam quibusdam tempore iste. Ex soluta aspernatur repudiandae dolores mo','qui','est','2000-08-31 00:00:00','2000-11-10 00:00:00'),
('45','Cum laboriosam ullam architecto nihil exercitationem commodi. Et magni qui debitis debitis a natus e','n','1984-07-06 00:00:00','2013-12-05 00:00:00','Excepturi assumenda incidunt eaque.','omnis','optio','1981-10-01 00:00:00','1973-01-31 00:00:00','Dolorum quia unde amet architecto aut. Est quia et necessitatibus dolore adipisci rerum. Distinctio ','dolor','1993-08-25 00:00:00','1998-02-23 00:00:00','Aperiam atque id delectus hic. Molestiae nisi repellat pariatur a pariatur sunt. Est vitae eveniet a','sint','qui','1973-08-08 00:00:00','1982-06-06 00:00:00'),
('46','Est expedita ipsa voluptatem dolorum impedit minus. Aut eius est aut quidem repellendus. Accusantium','s','2003-04-04 00:00:00','1971-11-25 00:00:00','Debitis vero cumque et impedit perspiciatis inventore.','cupiditate','deserunt','2015-09-24 00:00:00','1973-01-18 00:00:00','Odio ut at a facere facere exercitationem eum. Quod quo voluptate ut voluptatibus blanditiis. Aliqua','rerum','1973-03-27 00:00:00','2006-10-03 00:00:00','Debitis officia est ut nulla ipsum nostrum quia. Qui molestiae et quia nihil qui iure perspiciatis q','enim','quia','1977-09-16 00:00:00','1985-05-25 00:00:00'),
('47','Nam labore ipsum qui qui nam ea eligendi. Tempora unde vel eligendi temporibus fugit voluptatem. Eos','q','1998-02-04 00:00:00','1970-11-02 00:00:00','Nisi aut voluptatem dignissimos atque ex.','qui','fugiat','2011-05-20 00:00:00','1970-11-11 00:00:00','Vel rerum doloremque laboriosam omnis. Sunt reiciendis esse facere nihil distinctio. Ad porro et aut','voluptatibus','2009-05-08 00:00:00','1974-08-13 00:00:00','Harum quis nihil omnis. Ea voluptates veniam cumque eveniet cupiditate in ipsa magni. Odio est et do','non','repellat','1977-09-30 00:00:00','1997-07-01 00:00:00'),
('48','Id unde facere id ut. In et eveniet repudiandae perspiciatis ea non ut. Ducimus blanditiis consequat','e','2010-05-07 00:00:00','2019-07-26 00:00:00','Aliquid ipsa in laboriosam et.','quam','in','1975-05-13 00:00:00','2012-08-17 00:00:00','Ut sunt quam nihil ratione minima vero doloribus. Saepe ratione id accusantium excepturi iste. Et te','eligendi','2011-12-01 00:00:00','1994-02-06 00:00:00','Rerum voluptas nisi consequatur exercitationem. Ad vero alias voluptate soluta incidunt sapiente dol','aliquid','ab','2012-01-24 00:00:00','1994-10-07 00:00:00'),
('49','Iste et error reprehenderit laborum tempore ut. Quia alias perspiciatis molestiae. Et quia libero pl','c','2014-05-17 00:00:00','1996-07-06 00:00:00','Est fuga quam est.','deleniti','ea','2017-12-15 00:00:00','2008-05-18 00:00:00','Soluta possimus quam nostrum distinctio fugiat. Fugit tempore et repellat exercitationem perferendis','qui','2007-09-03 00:00:00','1975-08-04 00:00:00','A quidem qui saepe. Expedita voluptatem consequatur et aut dolorem. Praesentium omnis commodi iste m','pariatur','blanditiis','1987-10-10 00:00:00','1979-12-16 00:00:00'),
('50','Ut aut provident adipisci perferendis officiis. Dicta est sed itaque consequatur aperiam id. Sed dol','f','2015-03-29 00:00:00','1993-05-05 00:00:00','Ducimus blanditiis ducimus aliquam consequatur expedita officiis eius.','eveniet','vel','1991-09-04 00:00:00','1983-01-02 00:00:00','Autem animi facilis autem illo rerum et cumque. Sequi provident doloremque eos maiores eligendi dist','et','1977-08-29 00:00:00','2002-03-09 00:00:00','Distinctio laudantium vel reprehenderit. Autem quis officia nesciunt quis qui. Harum veniam minima a','aut','qui','1988-08-02 00:00:00','2015-03-11 00:00:00'),
('51','Beatae et voluptas magni eveniet exercitationem et rerum. Blanditiis ea aut et aut. Et eius aut veli','f','2014-09-26 00:00:00','2007-06-20 00:00:00','Sit sit doloribus dolores assumenda laborum consequatur voluptas.','culpa','nihil','2014-11-15 00:00:00','1991-07-31 00:00:00','Veritatis vel corporis reiciendis placeat et voluptatem rem itaque. Ullam et molestiae culpa volupta','omnis','1980-05-17 00:00:00','1976-07-14 00:00:00','Enim quibusdam id corporis nihil est similique atque. Placeat dignissimos debitis voluptatem iste qu','expedita','repudiandae','1981-07-31 00:00:00','1984-04-22 00:00:00'),
('52','Autem voluptatem nostrum aut harum sequi velit. Sint quos iusto aspernatur eius aut excepturi sit. E','w','1976-07-04 00:00:00','1984-07-15 00:00:00','Rerum omnis fugit in laboriosam magni.','placeat','ut','2013-12-14 00:00:00','1982-04-29 00:00:00','Provident sit ut aliquid temporibus fugit perferendis. Fuga porro et esse vitae sint eligendi quasi.','accusamus','1996-08-07 00:00:00','1974-05-06 00:00:00','Ea sit reiciendis distinctio illo eos. Earum odio qui odit inventore. Ut corporis et soluta voluptat','praesentium','aut','2001-05-18 00:00:00','1985-04-04 00:00:00'),
('53','Minima repudiandae alias laborum qui. Quis quos repellendus id architecto veniam veniam libero. Temp','c','1994-02-20 00:00:00','2018-11-09 00:00:00','Sunt rerum dignissimos est corporis provident est est.','magnam','explicabo','1972-08-14 00:00:00','1998-09-15 00:00:00','Sint doloremque consectetur sed qui nobis fugiat qui. Voluptate amet rerum maxime. Dicta optio ea ve','occaecati','1989-12-27 00:00:00','1972-10-23 00:00:00','Aspernatur explicabo deserunt ut expedita aspernatur aut. Totam facere ex rerum id illo assumenda. A','amet','aut','2017-07-29 00:00:00','2005-05-08 00:00:00'),
('54','Dolores dolorum expedita laboriosam voluptatem accusamus qui. Eos similique fugiat accusamus repudia','z','2003-03-03 00:00:00','2018-03-28 00:00:00','Nesciunt non reprehenderit vel doloremque.','dolorem','voluptas','1971-10-24 00:00:00','1989-04-26 00:00:00','Velit sed perferendis pariatur. Omnis voluptate consequatur debitis facere fuga. Qui et nostrum ulla','sint','1973-09-01 00:00:00','1992-10-06 00:00:00','Necessitatibus at sint et consequatur. Est architecto itaque voluptas quia. Et expedita dolor beatae','dolorem','commodi','1988-04-02 00:00:00','1991-05-29 00:00:00'),
('55','Et doloremque eaque pariatur consectetur quibusdam ut odit. Occaecati voluptatem vitae omnis porro p','q','1981-06-06 00:00:00','2010-11-05 00:00:00','Et non quia sed nobis recusandae non.','in','natus','1978-09-17 00:00:00','1988-01-26 00:00:00','Asperiores magnam occaecati similique quo odio est blanditiis. Qui accusamus debitis dolor in. Itaqu','occaecati','1972-05-25 00:00:00','1996-09-07 00:00:00','Quis neque excepturi fuga et. Unde totam sit et. Et molestias illum aut maiores deserunt dolorem at.','ipsa','inventore','2017-09-02 00:00:00','2018-07-29 00:00:00'),
('56','Et ea facere quas est sint quos velit. Rem mollitia aut adipisci sit sed et sequi. Praesentium quo s','f','2015-09-07 00:00:00','1974-06-27 00:00:00','Consequatur eveniet qui quam.','eos','ab','1985-02-18 00:00:00','2004-06-17 00:00:00','Provident natus ab sit cum dolor velit eveniet. A ut est iure non quisquam similique. Excepturi inve','sunt','2004-07-10 00:00:00','1993-03-15 00:00:00','Iste est occaecati omnis non. Laudantium recusandae voluptas voluptas aperiam neque qui. Aperiam vit','hic','similique','2018-11-16 00:00:00','1986-09-19 00:00:00'),
('57','Iusto quia adipisci quidem cumque occaecati enim. Non perferendis molestiae velit ratione quisquam. ','p','2009-11-25 00:00:00','2004-11-15 00:00:00','Quam rem doloremque ut explicabo.','doloribus','qui','1975-02-28 00:00:00','1977-01-18 00:00:00','Saepe dicta autem incidunt nihil. Repellendus repellendus laudantium et voluptatibus rerum possimus ','sint','1980-06-30 00:00:00','2019-10-06 00:00:00','In iste consectetur autem sit aliquid doloribus omnis animi. Dicta atque accusantium qui perferendis','quia','voluptatem','1999-02-24 00:00:00','1980-04-05 00:00:00'),
('58','Impedit consectetur rerum quia ipsa rem molestias. Facere quo perferendis placeat aut qui voluptas d','y','1992-06-15 00:00:00','1997-04-14 00:00:00','Qui nobis sint quasi illum.','est','doloribus','1976-10-18 00:00:00','1974-12-27 00:00:00','Sit qui architecto vel quasi sed tenetur est rerum. Qui labore atque modi quo. Illo et ad accusamus ','consequuntur','1970-01-11 00:00:00','1980-07-19 00:00:00','Necessitatibus qui non enim natus assumenda quibusdam perspiciatis. Ut sed voluptatibus hic exercita','eum','nam','1978-04-30 00:00:00','1999-01-14 00:00:00'),
('59','Iure iste eius nihil fuga. Voluptate exercitationem maiores occaecati quod illum ut. Sed qui iusto i','g','1977-02-23 00:00:00','1990-10-07 00:00:00','Ea nemo praesentium et non inventore odio minus.','in','atque','1971-05-14 00:00:00','2011-07-26 00:00:00','Voluptatibus cum sint magnam voluptate laudantium sit. Qui ipsa deleniti ad dolores. Dolor nostrum m','molestiae','1975-06-30 00:00:00','1980-04-29 00:00:00','Voluptas soluta recusandae deleniti cumque cumque quos perferendis. Veritatis modi aliquam aut sit d','accusantium','recusandae','1993-02-16 00:00:00','1994-04-24 00:00:00'),
('60','Nostrum vero mollitia fuga est aut. Nobis beatae sint consequatur fuga autem exercitationem et. Nisi','l','1993-01-15 00:00:00','1971-09-25 00:00:00','Et occaecati blanditiis eos recusandae voluptas eos maiores.','non','sint','1986-07-25 00:00:00','2000-03-06 00:00:00','Ullam sint provident quo aut. Sunt mollitia saepe in nihil modi autem ut. Quis asperiores et sequi d','ex','2005-02-03 00:00:00','1991-11-04 00:00:00','Nulla omnis voluptatem aliquam inventore sed. Ab sit et ducimus quam consequatur tempore necessitati','laborum','rem','2004-05-22 00:00:00','1983-09-20 00:00:00'),
('61','Dolorum ratione et quia minima aut architecto tempora. Sed eos maxime aut temporibus id maiores alia','g','1971-02-02 00:00:00','2003-08-29 00:00:00','Dicta iure illum blanditiis quas dolores.','accusantium','facere','1977-03-01 00:00:00','1982-08-18 00:00:00','Ex consequuntur incidunt sit a similique voluptate est. Culpa veniam fuga et facilis. Non assumenda ','quos','2017-11-05 00:00:00','2009-08-14 00:00:00','Occaecati blanditiis sit vitae adipisci. Error accusantium ut dignissimos ut omnis aut et consequatu','rerum','hic','1972-03-24 00:00:00','1988-08-16 00:00:00'),
('62','Veritatis accusantium totam quaerat ea aut. Et similique reiciendis quod nihil dicta ducimus at. Hic','c','1977-01-15 00:00:00','1996-08-13 00:00:00','Omnis rem odit blanditiis et quos voluptatum molestiae.','impedit','voluptas','1978-03-17 00:00:00','1973-05-08 00:00:00','Sit debitis delectus nobis tempore. Dolorum sapiente voluptatum quis ipsum excepturi. Blanditiis occ','tempora','1991-10-10 00:00:00','1974-04-25 00:00:00','Repellat nostrum ea architecto cum consectetur dignissimos. Corrupti dolores consequuntur qui. Accus','soluta','vitae','2003-08-25 00:00:00','1972-11-17 00:00:00'),
('63','Totam consectetur quis molestiae minus corrupti. Officia eum eos eos ut cumque accusantium.','x','2019-05-28 00:00:00','2012-02-24 00:00:00','Nesciunt totam reiciendis numquam repellendus.','eius','ad','2008-03-17 00:00:00','2000-08-20 00:00:00','Enim enim ut sit et. Dolorem delectus aliquid et tenetur earum. Hic dignissimos libero est aliquid m','et','2005-05-24 00:00:00','1984-05-25 00:00:00','A impedit rem similique optio quas quia. Architecto at sit unde qui. Iure veniam ullam eos culpa. Re','dolor','velit','2009-02-14 00:00:00','1986-08-29 00:00:00'),
('64','Perferendis sint ad similique aut a voluptatibus consequatur. Porro corporis iusto odio. Ipsa iure o','m','1994-06-28 00:00:00','1971-03-07 00:00:00','Rem nihil deleniti quasi.','hic','commodi','2008-01-26 00:00:00','1976-02-28 00:00:00','Molestiae molestias impedit dolor libero expedita nihil. Unde quia molestiae sed voluptatem ipsam ex','aut','2009-10-17 00:00:00','2019-06-30 00:00:00','Eos quae itaque dolore quia eaque mollitia repellendus. Totam voluptatem odio non mollitia sed deser','qui','quia','2014-08-09 00:00:00','1976-11-28 00:00:00'),
('65','Amet consequatur voluptatem officiis temporibus. Voluptatem consequatur et a eligendi consequatur.','i','1991-04-19 00:00:00','1977-12-25 00:00:00','Voluptas reiciendis aut dolorem voluptas.','quidem','nulla','2011-02-10 00:00:00','1978-07-06 00:00:00','Veritatis et laboriosam iure neque aliquam rem. Fuga veritatis perspiciatis adipisci porro corrupti ','possimus','2015-11-10 00:00:00','2018-03-16 00:00:00','Nesciunt consequatur facere qui mollitia. Possimus aliquid ipsa illo. At magni rerum tempora ut.','mollitia','similique','1985-05-24 00:00:00','2008-10-30 00:00:00'),
('66','Fugit et aut esse occaecati. Eum et ullam quam eos in rem. Optio unde corporis deserunt ipsum.','o','1999-09-25 00:00:00','1995-09-11 00:00:00','Incidunt nemo aliquid molestiae incidunt sint optio.','ea','earum','1980-03-25 00:00:00','1985-01-09 00:00:00','Molestiae temporibus voluptas eum maxime sit tempore. Dolore similique magnam a est. Asperiores pers','animi','2001-05-13 00:00:00','1993-01-21 00:00:00','Magni corporis ab vel laboriosam et. Non molestias ducimus repudiandae dolorum itaque dignissimos. M','distinctio','dolorem','2004-09-20 00:00:00','2001-11-21 00:00:00'),
('67','Aut voluptatem aut itaque maiores qui culpa animi. Eum totam minima et omnis esse possimus consequat','v','2016-02-17 00:00:00','1974-02-19 00:00:00','Illo aut voluptas qui pariatur aspernatur dolores sed.','qui','explicabo','1986-05-04 00:00:00','1974-09-12 00:00:00','Qui et sed ipsa odit eveniet soluta aut nisi. Corporis nihil delectus aliquam qui. A praesentium omn','et','2002-07-29 00:00:00','1979-03-24 00:00:00','Facilis quia atque commodi voluptatibus deleniti placeat cumque. Maiores et ipsam iste odio facere. ','asperiores','consequatur','1973-01-13 00:00:00','1981-08-25 00:00:00'),
('68','Aut sunt non provident tenetur accusantium dolores. Veniam laudantium nemo qui est. Recusandae quo a','a','2010-01-11 00:00:00','1990-03-08 00:00:00','Ut accusantium dolorum iste nam.','incidunt','non','1977-09-19 00:00:00','1989-08-14 00:00:00','Quos exercitationem fugiat dolor rerum odio modi. Provident sed quia dolore et nemo blanditiis. Pers','sed','2016-02-06 00:00:00','1985-07-20 00:00:00','Fugit non accusamus alias nostrum ea sint ut fugit. Rem repudiandae omnis natus. Explicabo repellat ','rerum','consequatur','1983-02-26 00:00:00','1973-02-10 00:00:00'),
('69','Quibusdam quod ipsum sit in aut. Deleniti dolorem nam molestias quos. Non repellat illum recusandae ','r','1989-04-13 00:00:00','2014-07-05 00:00:00','Optio qui veritatis nisi non at et sed.','quaerat','ipsam','2012-03-24 00:00:00','2001-09-11 00:00:00','Omnis quos cupiditate aut totam. Est autem quasi voluptatum enim atque. Quidem ea sed est nobis a en','aperiam','2008-05-26 00:00:00','1977-09-19 00:00:00','Nobis est suscipit laborum non qui velit. Non qui voluptatem quia illum necessitatibus. Consectetur ','sed','aut','2017-09-30 00:00:00','1976-05-29 00:00:00'),
('70','Facilis quis hic vitae explicabo. Dolor cum maiores consequatur sint autem velit. Consectetur omnis ','x','1978-04-09 00:00:00','1995-12-12 00:00:00','Sint totam libero beatae officia voluptates magnam doloremque sapiente.','nesciunt','odit','1977-02-25 00:00:00','2009-02-04 00:00:00','Eum provident eos voluptatem esse repellat qui aperiam. Laborum ut nobis officia fugit. Vero et aliq','molestiae','1988-07-25 00:00:00','1996-08-03 00:00:00','Id tenetur explicabo totam in similique dignissimos facilis. Dolorem debitis non modi iste soluta vo','quis','ab','1985-09-12 00:00:00','2006-04-23 00:00:00'),
('71','Omnis error amet rerum voluptate incidunt praesentium. Recusandae ut qui magni unde voluptatem recus','d','1989-06-25 00:00:00','2016-02-25 00:00:00','Numquam provident voluptates quia sunt quod laboriosam.','unde','et','1998-04-19 00:00:00','2019-06-01 00:00:00','Autem eveniet veniam vel sunt assumenda est. Numquam architecto harum nesciunt repellendus in accusa','et','2015-02-06 00:00:00','1978-02-19 00:00:00','Ducimus a doloremque cupiditate labore modi ex et. Ab sint ullam ducimus quasi ipsum reiciendis volu','nihil','molestias','1991-12-04 00:00:00','2004-10-08 00:00:00'),
('72','Illum qui repudiandae quibusdam alias quod nihil at maiores. Non illo quam expedita dolorem quo in n','d','1978-03-30 00:00:00','1991-10-23 00:00:00','Ut impedit laboriosam harum perferendis expedita doloremque.','maiores','tempora','2010-01-12 00:00:00','2001-09-26 00:00:00','Sit iste in earum consequatur voluptate illo sequi impedit. Aut aut dolor fugit exercitationem.','quo','1981-07-22 00:00:00','1995-06-21 00:00:00','Distinctio facilis corporis eos. Commodi aut quam veniam quo ipsa porro tempora. Est quia fugiat sin','voluptates','odio','1975-03-02 00:00:00','2008-10-23 00:00:00'),
('73','Quis facilis dolorem omnis et impedit adipisci. Quis aut iste quo est est rerum. Consequatur repudia','j','1996-08-22 00:00:00','2017-03-11 00:00:00','Debitis molestiae consequuntur exercitationem quod qui.','optio','qui','2009-03-28 00:00:00','1974-10-14 00:00:00','Quia et cumque commodi ut quos sint. Culpa dolorem omnis similique rerum molestiae temporibus sed. D','ab','2010-07-22 00:00:00','1988-10-19 00:00:00','Sed et cupiditate qui labore veritatis impedit reprehenderit. Velit iusto molestiae omnis rerum. Vol','at','autem','2005-07-15 00:00:00','2002-10-06 00:00:00'),
('74','Sint error autem et ratione et. Vel sunt doloribus architecto reprehenderit. Quod eligendi neque fac','w','2007-08-31 00:00:00','1987-08-18 00:00:00','Distinctio cumque ut quidem eligendi eos sint.','fugit','quisquam','2013-08-22 00:00:00','1980-10-23 00:00:00','Officia magni repellat placeat esse. Illum eos voluptatem molestiae sed fugit. Praesentium accusamus','dolorem','1971-10-01 00:00:00','1995-09-30 00:00:00','Nulla aspernatur architecto non consequatur sit laboriosam. Culpa voluptatem quisquam id esse. Ut do','quisquam','illo','1971-05-06 00:00:00','1981-08-01 00:00:00'),
('75','Et sit qui id quam deleniti saepe. Quasi alias officia ad accusantium architecto ut. Quod cum vero l','o','1995-01-20 00:00:00','1970-11-03 00:00:00','Illo dicta repudiandae rerum architecto magni accusantium quis.','eum','nostrum','2005-01-01 00:00:00','2019-06-24 00:00:00','Ea fugit sed adipisci sed voluptas ex. Debitis dolorum qui perspiciatis dolores. Rem ut molestiae do','ducimus','1977-07-06 00:00:00','1996-05-08 00:00:00','Dolores voluptatem ut dolorem quia maxime ut iusto. Omnis vel ut velit similique. Quis soluta dolore','harum','totam','1982-07-23 00:00:00','2004-07-14 00:00:00'),
('76','Et eaque officia fugit velit sint dolor. Ducimus est maiores soluta ex. Et et enim dolores veritatis','u','2010-09-01 00:00:00','2015-10-17 00:00:00','Occaecati voluptatem dolores et rerum.','cumque','inventore','2003-03-07 00:00:00','1990-04-04 00:00:00','Quisquam voluptates eligendi qui qui et beatae consequatur. Repudiandae sit officiis esse vel. Aliqu','quis','2018-01-11 00:00:00','1992-01-03 00:00:00','Doloribus aut voluptatibus hic iste esse quam. Ipsa reprehenderit aut porro porro incidunt ea volupt','quam','at','1977-05-02 00:00:00','1987-09-14 00:00:00'),
('77','Ut omnis aut reprehenderit distinctio. Odio expedita suscipit quos quod animi qui debitis eius. At n','p','1993-12-08 00:00:00','1997-04-12 00:00:00','Blanditiis sit aperiam exercitationem animi.','et','nobis','1991-10-08 00:00:00','1984-01-09 00:00:00','Voluptatem autem consectetur ad sit. Necessitatibus dolorem magnam earum sit. Aut exercitationem sed','ut','1997-11-14 00:00:00','1984-02-12 00:00:00','Excepturi est ea placeat aut molestiae autem. Nulla at amet officiis sapiente tempore. Illo quia lab','consequatur','saepe','1976-12-09 00:00:00','2001-08-17 00:00:00'),
('78','Odit a sit porro eum enim qui voluptatem doloribus. Nihil est illum numquam deleniti doloremque hic ','k','2001-03-30 00:00:00','1998-05-14 00:00:00','Non ullam repellat sit facilis facere.','quia','est','1974-05-23 00:00:00','1989-06-25 00:00:00','Sequi cum facere est ut porro culpa. Recusandae ratione quasi et at maiores nihil accusantium nisi. ','consequatur','2002-12-31 00:00:00','1979-12-27 00:00:00','Ut nihil sit delectus iusto eaque. Eius harum quo laboriosam. Amet eius rerum repellendus qui dolore','eligendi','neque','1989-08-27 00:00:00','2005-05-26 00:00:00'),
('79','Quis et et omnis expedita voluptas est. Ad alias et voluptate fuga. Et nemo repudiandae fugit id. Et','i','2004-02-07 00:00:00','1995-02-09 00:00:00','Odio praesentium porro exercitationem ad rem inventore.','dignissimos','repellat','1979-03-08 00:00:00','1978-06-14 00:00:00','Quas ut quia est vel corporis veritatis qui. Nemo qui sequi nesciunt molestias dolores. Repudiandae ','facere','2011-12-16 00:00:00','1977-09-16 00:00:00','Nobis impedit harum doloremque est aliquam quos voluptatem. Culpa odio nobis nobis vitae quod adipis','similique','facilis','2009-04-27 00:00:00','2012-09-18 00:00:00'),
('80','Consequatur repudiandae repudiandae enim. Qui provident porro ratione non eum qui. Sit totam sed dol','n','2006-05-05 00:00:00','1997-09-19 00:00:00','Eos rerum et rerum laudantium dolores eius.','et','accusantium','1999-08-05 00:00:00','1975-09-14 00:00:00','In consequatur et facere esse asperiores est. Non et voluptatem cupiditate et temporibus.','sint','2018-05-11 00:00:00','1996-12-19 00:00:00','Ut architecto et quo aliquid maiores. Quis eos neque in nisi illo. Qui magnam a minima sit ut.','ut','voluptatem','1988-03-02 00:00:00','1979-05-24 00:00:00'),
('81','Quia tenetur qui et sit sed eligendi consectetur rerum. Molestiae rem aliquid tempore magnam magnam ','o','2003-02-20 00:00:00','1999-12-01 00:00:00','Ut possimus qui aut delectus.','excepturi','quo','2006-11-26 00:00:00','2006-01-20 00:00:00','Itaque hic quis aliquam magni accusamus. Culpa est ex molestias in error esse. Ut commodi nisi eum o','magnam','2005-10-30 00:00:00','1989-08-31 00:00:00','Fugit temporibus cupiditate velit natus. Repudiandae recusandae culpa aut non. Et et perferendis exp','est','quia','1978-11-16 00:00:00','1981-10-26 00:00:00'),
('82','Ab quo voluptas sed ea mollitia qui laborum. Nostrum sit commodi enim fuga illum ipsum qui. Sed exer','b','1986-11-23 00:00:00','2018-11-05 00:00:00','Repudiandae ratione optio et ratione asperiores.','commodi','dolor','2018-09-30 00:00:00','1984-01-30 00:00:00','Ad neque aspernatur nulla labore et itaque. Illo consectetur aperiam praesentium. Omnis aut aut repe','nobis','2008-11-13 00:00:00','1998-04-28 00:00:00','Optio deserunt sequi a expedita dolores. Voluptas ut mollitia porro in. Ducimus quis est suscipit et','optio','autem','2008-10-19 00:00:00','2008-06-06 00:00:00'),
('83','Numquam et error cupiditate beatae ut quibusdam molestias. Nulla ea aliquam quas aperiam velit eius ','o','2008-01-26 00:00:00','2018-05-24 00:00:00','Corporis excepturi quaerat et optio rerum dolor.','nesciunt','et','2017-11-21 00:00:00','1994-06-27 00:00:00','Sint unde eos modi. Ut iste facilis ipsa ut cum ipsa nihil qui. Doloribus autem temporibus dignissim','nihil','1996-03-15 00:00:00','1992-03-21 00:00:00','Corrupti iusto sunt eveniet delectus eos sed. Id at non nihil. Unde dolorum consequatur quod molesti','eos','officia','1970-10-01 00:00:00','2015-07-20 00:00:00'),
('84','Eos quia enim fugiat laborum incidunt pariatur. Possimus veritatis doloremque aperiam deleniti paria','s','2000-06-26 00:00:00','1979-12-09 00:00:00','Sapiente explicabo pariatur rerum voluptatem eaque aut.','nobis','et','1977-08-20 00:00:00','2017-05-01 00:00:00','Consequuntur sit consequatur hic neque quia reprehenderit et sunt. Saepe consequatur repellat itaque','qui','1992-10-13 00:00:00','1979-03-23 00:00:00','Enim dolore aut necessitatibus. Dolore incidunt non quasi quisquam. Enim nesciunt et maxime qui quae','libero','quae','1982-08-12 00:00:00','2004-02-03 00:00:00'),
('85','Possimus aut quaerat qui ea quos molestiae dolor veritatis. Voluptatem molestiae sunt voluptatum lib','q','2004-05-18 00:00:00','1995-09-06 00:00:00','Eos ea voluptates mollitia.','nihil','iure','1991-10-07 00:00:00','2003-01-05 00:00:00','Odio quia quia dolor delectus occaecati temporibus minus. Et suscipit aliquam voluptas ut sequi reru','pariatur','2005-04-10 00:00:00','2004-04-14 00:00:00','Eveniet voluptatem voluptas architecto debitis facilis consequuntur. Harum repellat ad ut rerum et e','eos','est','2018-11-24 00:00:00','1975-09-29 00:00:00'),
('86','Distinctio reprehenderit ea veniam doloremque esse eius. Veritatis quo eveniet quae dicta reiciendis','i','2017-07-20 00:00:00','2000-10-05 00:00:00','Voluptatem dolores quibusdam quis voluptatum earum dicta.','aut','explicabo','1984-02-17 00:00:00','2012-12-19 00:00:00','Omnis omnis nemo occaecati voluptate. Aspernatur mollitia soluta ipsum earum dolor quo. Neque volupt','suscipit','2008-10-12 00:00:00','2016-01-02 00:00:00','Nihil voluptas blanditiis illo veniam dolor ex. Ipsa expedita cum dicta ad id aut voluptas. Ea volup','id','velit','1984-04-27 00:00:00','1981-08-14 00:00:00'),
('87','Similique eaque voluptas numquam minima sunt inventore. Iure voluptas quas laboriosam veritatis. Nam','v','2015-06-10 00:00:00','1999-06-10 00:00:00','Iure laudantium a quam adipisci.','rerum','id','1999-06-25 00:00:00','2000-12-23 00:00:00','Qui explicabo corrupti molestiae velit et. Similique et consequatur enim dicta quis. Autem molestiae','ipsam','1992-10-29 00:00:00','2016-09-13 00:00:00','Nisi et quia eaque voluptatem nesciunt ipsum aperiam commodi. Iusto aut dignissimos labore veniam la','quasi','molestias','1998-12-04 00:00:00','2004-12-24 00:00:00'),
('88','Aperiam et nam autem nemo itaque doloribus. Omnis adipisci voluptatem dolorem consequuntur.','i','2018-05-25 00:00:00','1995-08-24 00:00:00','Doloremque velit qui quis excepturi et tempora sunt mollitia.','quod','fuga','2009-01-28 00:00:00','2010-06-04 00:00:00','Nam nisi rem ut optio sed eligendi ea natus. Nobis incidunt earum libero corporis sequi aut. Molesti','assumenda','2001-02-26 00:00:00','2004-01-09 00:00:00','Optio rerum inventore enim quas explicabo velit reprehenderit corporis. Dolores distinctio odio et b','qui','rem','1970-08-06 00:00:00','1982-05-08 00:00:00'),
('89','Illo et ut repellat mollitia voluptas animi. Minus praesentium cupiditate dolore harum impedit cupid','f','1984-11-13 00:00:00','1984-10-13 00:00:00','Et corrupti sunt error ullam magni enim perspiciatis nihil.','sunt','itaque','2002-09-19 00:00:00','1992-08-27 00:00:00','Maxime corporis quibusdam asperiores beatae eum. Voluptatem quidem expedita id tenetur. Pariatur id ','blanditiis','1999-11-14 00:00:00','1971-09-28 00:00:00','Velit veritatis iste distinctio quo quas id harum. Officiis esse perspiciatis at eligendi architecto','animi','voluptate','2014-06-08 00:00:00','1973-12-25 00:00:00'),
('90','Tempora rerum soluta accusantium et. Illum voluptate debitis quia consectetur velit. Perferendis rep','h','1981-01-23 00:00:00','2018-11-18 00:00:00','Veniam voluptas nihil aliquam aut iste architecto neque.','sunt','ipsa','2003-01-29 00:00:00','1987-01-03 00:00:00','A vitae maiores in provident corporis amet autem. Qui autem ipsum cupiditate incidunt est neque.','quasi','1979-11-03 00:00:00','1976-07-29 00:00:00','In provident rerum voluptas maiores odit illo rerum. Cum nisi corporis eius quia dicta. Facilis erro','iure','magni','2001-06-13 00:00:00','1994-02-12 00:00:00'),
('91','Quia amet aliquid cumque asperiores sunt ad cupiditate. Officiis ea enim asperiores quia et. Quod ea','h','1987-01-10 00:00:00','1972-02-08 00:00:00','Omnis doloremque exercitationem atque totam sed sequi nesciunt.','vel','non','2018-07-10 00:00:00','2004-02-20 00:00:00','Nesciunt minima esse quia iure. Sint at vel sapiente aperiam. Consequatur omnis perspiciatis id et s','illum','1997-10-06 00:00:00','1986-08-19 00:00:00','Exercitationem ut quia neque non est asperiores aut. Et cum mollitia rerum velit autem autem. Ipsam ','quaerat','autem','2000-02-17 00:00:00','1990-03-23 00:00:00'),
('92','Itaque quasi quas cumque omnis doloribus. Officia aliquam voluptatibus et porro. Doloribus unde duci','d','1975-01-16 00:00:00','2010-06-10 00:00:00','In sequi corporis rerum officia sed placeat ut.','eos','saepe','2006-01-17 00:00:00','2000-04-17 00:00:00','Vel consequatur nihil id accusamus rerum aut eaque debitis. Quaerat culpa ut delectus doloribus. Eiu','cupiditate','1998-02-02 00:00:00','2009-03-15 00:00:00','Numquam qui dolorum omnis placeat qui aliquid officia laboriosam. Sed et dolor voluptatem possimus o','eveniet','et','2012-04-27 00:00:00','1975-11-23 00:00:00'),
('93','Exercitationem temporibus ea pariatur animi. Sed illum quo quam maiores ut modi tenetur. Voluptatem ','t','1994-04-07 00:00:00','2006-08-17 00:00:00','Nesciunt architecto laudantium a tenetur in omnis.','magni','mollitia','1980-10-30 00:00:00','1980-04-07 00:00:00','Doloremque laboriosam aperiam repellendus itaque culpa voluptatem. Illum labore dolorem illo eum et ','sit','1972-11-14 00:00:00','1970-09-27 00:00:00','Eius et minima cumque id dolore. Consectetur dolore velit distinctio sed dolores laudantium ut.','numquam','maxime','1988-06-23 00:00:00','1980-03-15 00:00:00'),
('94','Esse suscipit vel quibusdam quo enim laboriosam quae. Iusto voluptatibus odit optio. Minima fugit ne','b','1977-06-28 00:00:00','2018-04-27 00:00:00','Officia consequatur ducimus rerum eius accusantium nemo dolorem.','et','dolore','1976-06-27 00:00:00','2017-07-06 00:00:00','Dolorem et at et aut voluptatem sit quisquam ut. Excepturi sint odio magni id ipsum sint. Sint vel v','nisi','1977-05-06 00:00:00','2006-07-29 00:00:00','Illo repudiandae nam sed eaque in eos. Vitae non sunt dolorem quos qui. Rerum tenetur neque velit.','officiis','explicabo','1992-12-11 00:00:00','1977-07-02 00:00:00'),
('95','Laborum necessitatibus natus corrupti labore quos est esse. Quisquam ex aut rerum in quaerat dolor. ','u','1973-02-21 00:00:00','2011-02-15 00:00:00','Odit pariatur aut eos deleniti facilis et rerum.','sit','et','2000-05-27 00:00:00','2004-02-19 00:00:00','Possimus consequatur et officia vel reiciendis numquam ducimus. Ipsum et quidem necessitatibus natus','sit','2004-09-25 00:00:00','1995-12-29 00:00:00','Sit eveniet laudantium suscipit sint nisi debitis recusandae. Repellendus iusto ipsa veritatis occae','quasi','ut','1994-02-04 00:00:00','1993-06-27 00:00:00'),
('96','Excepturi esse consequatur optio ratione. Quia repellat id dolore quos. Ullam eum itaque rerum maxim','g','1993-04-10 00:00:00','2006-05-17 00:00:00','Qui eligendi harum quis quis ab.','sit','assumenda','1984-01-05 00:00:00','1979-05-04 00:00:00','Molestiae ea dolor quia dolorem velit. Illum nisi sint numquam voluptas voluptatibus occaecati quam.','illo','1973-12-31 00:00:00','1992-05-25 00:00:00','Nihil vero at reiciendis ut quibusdam voluptates ut est. Velit ea ut id occaecati.','delectus','quia','1981-09-07 00:00:00','2013-04-28 00:00:00'),
('97','Est consectetur ex unde deleniti. Qui autem pariatur veniam voluptatibus eum. Exercitationem neque p','j','2011-08-04 00:00:00','1982-10-31 00:00:00','Quas deleniti est nihil labore autem quos tempora deserunt.','dolorum','repellendus','1994-08-19 00:00:00','2013-06-15 00:00:00','Consequatur facere facilis voluptatem deserunt vero. Rem nisi sapiente quam enim aut. Similique enim','et','1992-09-11 00:00:00','1979-06-14 00:00:00','Et reiciendis quaerat voluptate adipisci sint rerum. Aut doloribus hic laboriosam officia qui aperia','eum','id','2018-01-11 00:00:00','2003-12-11 00:00:00'),
('98','Et omnis nostrum consequatur debitis ea. Et voluptas a veritatis ipsa sequi corporis. Itaque esse ex','k','1979-04-09 00:00:00','1976-01-02 00:00:00','Voluptatum sunt omnis eaque suscipit ea natus deleniti.','repellat','repudiandae','1977-10-28 00:00:00','2015-06-25 00:00:00','Ullam dicta repudiandae alias nulla aut hic nam. Rem similique voluptatum numquam deserunt et tenetu','tempore','2013-02-15 00:00:00','1980-07-04 00:00:00','Est eveniet doloremque soluta cum officia ipsa distinctio. Neque nihil et dolores qui sit rerum. Ut ','voluptas','error','1983-12-31 00:00:00','2013-09-25 00:00:00'),
('99','Et temporibus corrupti enim nihil quo quisquam expedita. Aut eligendi rerum tenetur quod. Voluptatem','y','2000-04-16 00:00:00','1997-04-21 00:00:00','Quidem nihil adipisci officia nisi qui nam blanditiis aut.','ut','provident','1974-06-22 00:00:00','2012-01-14 00:00:00','Officiis rerum eos voluptatem eius quae officiis perspiciatis. Aliquid nisi at ex eligendi.','officia','1984-09-24 00:00:00','1995-10-20 00:00:00','Eveniet debitis non id maxime incidunt recusandae expedita. Sit eveniet temporibus consequatur itaqu','odio','nam','2000-10-01 00:00:00','1998-04-02 00:00:00'),
('100','Necessitatibus voluptatibus similique tenetur voluptates assumenda ut. Recusandae consectetur illo m','v','1985-05-31 00:00:00','1970-08-29 00:00:00','At repellat rerum modi eveniet.','nobis','voluptatem','1973-12-31 00:00:00','2008-05-13 00:00:00','In similique esse atque. Nisi voluptatem et error perferendis dolor et asperiores.','dolorum','1977-11-15 00:00:00','1983-05-27 00:00:00','Eius tempore aut id illum molestiae quo sed. Culpa quo accusamus consequatur voluptatem. Repellendus','hic','eligendi','2009-08-13 00:00:00','1975-04-26 00:00:00'); 


DROP TABLE IF EXISTS `friend_requests`;
CREATE TABLE `friend_requests` (
  `initiator_user_id` bigint(20) unsigned NOT NULL,
  `target_user_id` bigint(20) unsigned NOT NULL,
  `status` enum('requested','approved','unfriended','declined') COLLATE utf8_unicode_ci DEFAULT NULL,
  `requested_at` datetime DEFAULT current_timestamp(),
  `confirmed_at` datetime DEFAULT NULL,
  PRIMARY KEY (`initiator_user_id`,`target_user_id`),
  KEY `initiator_user_id` (`initiator_user_id`),
  KEY `target_user_id` (`target_user_id`),
  CONSTRAINT `friend_requests_ibfk_1` FOREIGN KEY (`initiator_user_id`) REFERENCES `users` (`id`),
  CONSTRAINT `friend_requests_ibfk_2` FOREIGN KEY (`target_user_id`) REFERENCES `users` (`id`)
) ENGINE=InnoDB DEFAULT CHARSET=utf8 COLLATE=utf8_unicode_ci;

INSERT INTO `friend_requests` VALUES ('1','1','approved','1997-12-06 00:00:00','2015-07-10 00:00:00'),
('2','2','declined','2005-09-04 00:00:00','1998-02-25 00:00:00'),
('3','3','approved','1974-01-08 00:00:00','2016-01-06 00:00:00'),
('4','4','declined','1979-08-13 00:00:00','1976-05-05 00:00:00'),
('5','5','requested','1971-01-01 00:00:00','1986-10-13 00:00:00'),
('6','6','unfriended','2013-12-27 00:00:00','2010-06-09 00:00:00'),
('7','7','approved','1981-12-06 00:00:00','1980-07-25 00:00:00'),
('8','8','requested','1977-03-25 00:00:00','2000-04-24 00:00:00'),
('9','9','unfriended','2007-08-31 00:00:00','1988-06-14 00:00:00'),
('10','10','unfriended','2018-03-18 00:00:00','1996-10-14 00:00:00'),
('11','11','declined','2016-04-22 00:00:00','1972-06-02 00:00:00'),
('12','12','declined','2013-03-26 00:00:00','1977-08-24 00:00:00'),
('13','13','requested','1995-05-25 00:00:00','1970-08-23 00:00:00'),
('14','14','requested','2012-05-10 00:00:00','1976-03-17 00:00:00'),
('15','15','requested','2002-05-18 00:00:00','2013-04-24 00:00:00'),
('16','16','unfriended','1975-06-16 00:00:00','1998-10-16 00:00:00'),
('17','17','approved','2003-11-27 00:00:00','1998-08-13 00:00:00'),
('18','18','approved','2001-05-24 00:00:00','1971-08-19 00:00:00'),
('19','19','declined','1992-10-20 00:00:00','1997-03-07 00:00:00'),
('20','20','unfriended','1996-07-01 00:00:00','1980-07-31 00:00:00'),
('21','21','requested','1976-11-28 00:00:00','1989-08-06 00:00:00'),
('22','22','unfriended','2003-04-13 00:00:00','2019-12-12 00:00:00'),
('23','23','unfriended','1990-11-01 00:00:00','2009-10-25 00:00:00'),
('24','24','requested','1991-02-21 00:00:00','1970-09-07 00:00:00'),
('25','25','unfriended','1983-03-20 00:00:00','1976-03-26 00:00:00'),
('26','26','requested','2006-07-12 00:00:00','1970-01-16 00:00:00'),
('27','27','unfriended','1988-05-06 00:00:00','1979-12-30 00:00:00'),
('28','28','unfriended','1997-11-12 00:00:00','1989-10-10 00:00:00'),
('29','29','unfriended','1976-09-15 00:00:00','1988-04-20 00:00:00'),
('30','30','declined','2018-02-10 00:00:00','2005-09-20 00:00:00'),
('31','31','requested','1987-08-25 00:00:00','1980-06-20 00:00:00'),
('32','32','requested','1975-12-17 00:00:00','2013-12-20 00:00:00'),
('33','33','requested','1988-02-29 00:00:00','1979-09-13 00:00:00'),
('34','34','unfriended','1974-03-08 00:00:00','1974-07-13 00:00:00'),
('35','35','approved','1996-03-12 00:00:00','2000-11-25 00:00:00'),
('36','36','requested','1970-10-21 00:00:00','1978-06-27 00:00:00'),
('37','37','declined','1985-07-21 00:00:00','1999-04-01 00:00:00'),
('38','38','declined','1987-03-09 00:00:00','2016-11-27 00:00:00'),
('39','39','unfriended','1980-12-02 00:00:00','1981-09-16 00:00:00'),
('40','40','unfriended','2005-06-14 00:00:00','1973-08-02 00:00:00'),
('41','41','approved','1992-12-08 00:00:00','1983-10-24 00:00:00'),
('42','42','declined','1976-02-24 00:00:00','1978-09-17 00:00:00'),
('43','43','approved','1974-10-17 00:00:00','2004-12-21 00:00:00'),
('44','44','requested','2019-08-31 00:00:00','1984-08-29 00:00:00'),
('45','45','declined','2017-04-02 00:00:00','2002-11-01 00:00:00'),
('46','46','approved','1975-10-11 00:00:00','2013-11-11 00:00:00'),
('47','47','declined','1999-08-23 00:00:00','1981-04-24 00:00:00'),
('48','48','requested','2016-10-02 00:00:00','2006-10-06 00:00:00'),
('49','49','requested','2011-02-19 00:00:00','2010-08-03 00:00:00'),
('50','50','unfriended','2008-07-02 00:00:00','1981-05-27 00:00:00'),
('51','51','unfriended','1993-08-22 00:00:00','2013-05-21 00:00:00'),
('52','52','requested','2002-03-16 00:00:00','1998-10-15 00:00:00'),
('53','53','requested','2005-10-01 00:00:00','1977-07-20 00:00:00'),
('54','54','unfriended','1971-09-11 00:00:00','2000-04-27 00:00:00'),
('55','55','unfriended','1975-05-11 00:00:00','2001-05-01 00:00:00'),
('56','56','unfriended','2006-11-30 00:00:00','2004-04-01 00:00:00'),
('57','57','approved','1982-10-17 00:00:00','1996-12-11 00:00:00'),
('58','58','requested','1992-02-07 00:00:00','1984-03-11 00:00:00'),
('59','59','declined','1981-07-14 00:00:00','1991-08-21 00:00:00'),
('60','60','approved','1973-11-03 00:00:00','1992-01-02 00:00:00'),
('61','61','declined','1975-03-20 00:00:00','1990-07-12 00:00:00'),
('62','62','declined','2018-05-09 00:00:00','2012-03-13 00:00:00'),
('63','63','requested','1997-03-14 00:00:00','1983-04-05 00:00:00'),
('64','64','unfriended','1983-08-28 00:00:00','2004-07-10 00:00:00'),
('65','65','unfriended','1974-11-19 00:00:00','1996-09-18 00:00:00'),
('66','66','requested','1995-08-27 00:00:00','1970-02-08 00:00:00'),
('67','67','unfriended','1984-01-10 00:00:00','1991-07-28 00:00:00'),
('68','68','unfriended','2012-10-27 00:00:00','1988-03-20 00:00:00'),
('69','69','requested','1979-07-17 00:00:00','1974-06-11 00:00:00'),
('70','70','approved','1990-04-17 00:00:00','2013-03-09 00:00:00'),
('71','71','requested','2012-06-22 00:00:00','1994-07-20 00:00:00'),
('72','72','approved','1978-04-15 00:00:00','2019-01-09 00:00:00'),
('73','73','requested','1998-06-29 00:00:00','1994-02-24 00:00:00'),
('74','74','unfriended','1978-03-09 00:00:00','1991-04-29 00:00:00'),
('75','75','approved','1975-10-01 00:00:00','2000-02-16 00:00:00'),
('76','76','declined','2015-09-22 00:00:00','2013-09-14 00:00:00'),
('77','77','approved','2013-04-25 00:00:00','2006-10-26 00:00:00'); 


DROP TABLE IF EXISTS `likes`;
CREATE TABLE `likes` (
  `id` bigint(20) unsigned NOT NULL AUTO_INCREMENT,
  `user_id` bigint(20) unsigned NOT NULL,
  `media_id` bigint(20) unsigned NOT NULL,
  `created_at` datetime DEFAULT current_timestamp(),
  PRIMARY KEY (`id`),
  KEY `user_id` (`user_id`),
  KEY `media_id` (`media_id`),
  CONSTRAINT `likes_ibfk_1` FOREIGN KEY (`user_id`) REFERENCES `users` (`id`),
  CONSTRAINT `likes_ibfk_2` FOREIGN KEY (`media_id`) REFERENCES `media` (`id`)
) ENGINE=InnoDB AUTO_INCREMENT=101 DEFAULT CHARSET=utf8 COLLATE=utf8_unicode_ci;

INSERT INTO `likes` VALUES ('1','93','31','2014-09-16 16:55:49'),
('2','93','12','2002-09-27 07:59:20'),
('3','22','67','1991-09-16 23:17:02'),
('4','19','23','1995-02-13 03:59:38'),
('5','92','36','2017-09-22 23:19:39'),
('6','34','56','1994-06-02 20:19:18'),
('7','69','30','2019-02-10 07:11:41'),
('8','57','14','1978-12-27 05:05:30'),
('9','37','55','1970-07-17 01:40:12'),
('10','38','24','2008-12-11 00:35:01'),
('11','96','35','2007-08-24 11:10:09'),
('12','42','38','1986-10-24 21:11:54'),
('13','6','36','2003-07-19 21:56:28'),
('14','27','26','1971-08-28 03:30:28'),
('15','27','48','2017-03-07 22:04:30'),
('16','65','15','2009-08-15 00:38:53'),
('17','5','43','1988-03-30 21:06:22'),
('18','36','20','1993-12-21 05:02:12'),
('19','45','41','1982-07-29 16:31:58'),
('20','56','28','1998-01-06 08:47:22'),
('21','2','67','1992-03-06 00:17:01'),
('22','11','53','1987-01-10 06:57:49'),
('23','29','51','1996-04-13 13:54:18'),
('24','88','49','1996-11-11 14:51:20'),
('25','39','19','1987-01-30 21:23:12'),
('26','97','26','1991-12-11 19:08:56'),
('27','71','29','2005-10-02 15:38:41'),
('28','85','58','1976-04-12 12:54:48'),
('29','86','9','2001-08-27 19:53:24'),
('30','11','10','1990-08-15 07:42:29'),
('31','75','57','1995-09-14 22:36:34'),
('32','33','60','2011-05-06 07:34:41'),
('33','32','51','2011-12-31 01:19:33'),
('34','5','58','1997-04-01 23:32:47'),
('35','22','45','2011-12-21 08:52:20'),
('36','13','18','1972-01-25 13:43:19'),
('37','49','18','1985-12-24 18:18:07'),
('38','93','58','2011-01-27 15:11:47'),
('39','90','60','2004-06-17 06:01:39'),
('40','42','22','2009-03-28 15:39:08'),
('41','4','29','2012-01-02 20:48:08'),
('42','64','56','2013-11-19 14:16:47'),
('43','77','36','1988-01-20 08:03:47'),
('44','51','48','1982-10-09 23:52:07'),
('45','58','46','1975-05-05 17:58:01'),
('46','76','25','2016-05-09 07:15:15'),
('47','37','6','1992-03-25 10:29:26'),
('48','12','51','2019-08-27 02:17:33'),
('49','76','12','1999-02-05 09:31:13'),
('50','44','73','1991-07-20 23:10:10'),
('51','76','43','2019-08-04 14:00:58'),
('52','20','18','1995-05-14 17:25:21'),
('53','80','10','1970-06-04 21:49:30'),
('54','1','53','1981-05-17 21:44:54'),
('55','92','32','1992-09-14 19:48:47'),
('56','99','72','1999-10-31 08:23:54'),
('57','81','47','1990-06-11 22:42:52'),
('58','71','44','1975-06-04 21:22:59'),
('59','10','16','2013-03-30 08:35:10'),
('60','21','51','1973-07-10 13:54:21'),
('61','83','72','2019-06-10 18:13:43'),
('62','100','14','1977-06-24 08:00:29'),
('63','4','8','1999-08-05 04:16:21'),
('64','86','60','2002-09-03 07:49:51'),
('65','26','23','2011-03-19 22:22:25'),
('66','77','1','1983-03-21 07:46:25'),
('67','87','73','2014-02-28 18:58:29'),
('68','25','50','1990-02-26 17:42:33'),
('69','9','19','1974-11-03 02:42:29'),
('70','37','1','1996-03-21 10:49:44'),
('71','68','27','1986-02-03 22:11:51'),
('72','97','36','2012-07-20 04:19:29'),
('73','97','50','1999-05-16 07:31:39'),
('74','6','5','1998-03-04 07:47:00'),
('75','88','19','2004-08-20 18:29:35'),
('76','73','53','2019-09-18 04:34:00'),
('77','22','55','2000-11-29 05:35:08'),
('78','88','19','2001-01-13 19:44:07'),
('79','83','56','1975-06-04 21:04:08'),
('80','5','7','1996-05-21 05:22:17'),
('81','4','61','1990-12-24 03:06:57'),
('82','10','67','2016-04-11 00:05:56'),
('83','77','27','1983-07-24 05:15:05'),
('84','56','64','1978-11-17 09:18:33'),
('85','60','69','2012-02-27 07:37:26'),
('86','86','21','1985-01-10 19:49:09'),
('87','27','62','2003-06-12 11:44:46'),
('88','75','18','2017-07-16 04:43:46'),
('89','49','60','1976-05-26 10:24:44'),
('90','29','27','2014-04-12 21:20:31'),
('91','6','2','2005-07-16 09:09:25'),
('92','5','20','2005-02-18 09:41:58'),
('93','74','70','1984-12-17 12:04:36'),
('94','52','43','1974-10-18 20:20:12'),
('95','67','43','1976-06-07 18:03:20'),
('96','66','53','1982-01-23 14:59:46'),
('97','38','57','2012-07-28 19:30:06'),
('98','59','11','1996-09-22 16:16:03'),
('99','11','11','2003-12-19 20:49:42'),
('100','100','53','2003-01-11 10:31:52'); 



DROP TABLE IF EXISTS `messages`;
CREATE TABLE `messages` (
  `id` bigint(20) unsigned NOT NULL AUTO_INCREMENT,
  `from_user_id` bigint(20) unsigned NOT NULL,
  `to_user_id` bigint(20) unsigned NOT NULL,
  `body` text COLLATE utf8_unicode_ci DEFAULT NULL,
  `created_at` datetime DEFAULT current_timestamp(),
  PRIMARY KEY (`id`),
  KEY `messages_from_user_id` (`from_user_id`),
  KEY `messages_to_user_id` (`to_user_id`),
  CONSTRAINT `messages_ibfk_1` FOREIGN KEY (`from_user_id`) REFERENCES `users` (`id`),
  CONSTRAINT `messages_ibfk_2` FOREIGN KEY (`to_user_id`) REFERENCES `users` (`id`)
) ENGINE=InnoDB AUTO_INCREMENT=81 DEFAULT CHARSET=utf8 COLLATE=utf8_unicode_ci;

INSERT INTO `messages` VALUES ('1','52','61','Vitae impedit aut deserunt.','2022-03-25 17:21:36'),
('2','93','35','Tenetur qui officia ratione incidunt et.','2020-02-10 20:18:01'),
('3','81','27','Neque non aliquid unde quas nobis.','1981-06-30 14:02:07'),
('4','19','4','Corporis a necessitatibus est sapiente dignissimos ipsam.','2006-03-27 01:51:41'),
('5','57','73','Fugiat saepe aut nihil error dolor deleniti qui temporibus.','2014-01-06 22:24:56'),
('6','45','55','Ipsa suscipit vel blanditiis laudantium.','1987-02-17 07:16:39'),
('7','23','57','Numquam vitae dignissimos nam quaerat quo.','1970-10-07 06:02:48'),
('8','73','37','Omnis consectetur amet dolores tempora aliquam ut est.','2008-02-10 11:20:01'),
('9','68','51','Modi et est error repudiandae aspernatur.','1986-03-16 13:06:54'),
('10','91','89','Neque qui nisi sequi rem consequuntur.','1991-09-22 03:33:31'),
('11','99','18','Sunt voluptas quas itaque.','1994-12-04 10:11:28'),
('12','3','24','Delectus doloremque quidem voluptas eum autem dolorem.','1981-01-01 06:59:27'),
('13','13','25','Cum cupiditate vel quisquam temporibus consequuntur.','1998-04-27 03:56:13'),
('14','82','12','Rerum aut doloribus culpa debitis.','1989-12-22 10:28:21'),
('15','93','87','Ipsam vero animi quis nemo qui laudantium at officiis.','1990-07-23 12:19:46'),
('16','44','45','Eum nihil molestiae dolorum corporis.','1990-08-28 07:18:17'),
('17','48','36','Unde recusandae sit ad.','2009-09-25 03:20:33'),
('18','79','28','Est neque debitis ipsam eos ex officia nostrum.','1983-06-19 22:06:43'),
('19','63','98','Veritatis reprehenderit architecto voluptas et corporis numquam.','1999-06-17 21:34:10'),
('20','31','19','Magni autem velit architecto.','1989-05-06 10:36:48'),
('21','71','76','Ipsa vel est ea qui.','1984-05-01 18:58:13'),
('22','74','93','Et aut dignissimos at placeat rem et ut.','2005-03-28 01:16:30'),
('23','32','46','Eveniet nostrum eum tempore esse.','1987-08-12 19:14:14'),
('24','30','100','Ab vitae beatae non sequi et.','1980-08-20 06:44:46'),
('25','96','21','Suscipit ratione et atque est eius.','1997-08-05 19:17:10'),
('26','88','94','Non omnis et quidem aut.','1971-04-09 03:25:53'),
('27','39','91','Quasi atque suscipit sit qui esse qui maiores.','1985-06-15 04:54:53'),
('28','18','51','Velit consectetur et quis dolorum.','1996-11-30 03:28:29'),
('29','15','99','Reiciendis natus quidem sed aliquam.','1999-10-26 06:26:10'),
('30','63','8','Ea enim totam voluptas sequi quo vel labore aut.','2011-12-28 02:03:21'),
('31','86','6','Temporibus dolore aut eos et neque facere pariatur.','1974-09-25 04:49:41'),
('32','53','33','Aut esse corporis quo ipsum natus nulla vel.','2004-12-27 08:54:35'),
('33','42','32','Distinctio totam maxime vel eos est.','1992-11-08 10:22:08'),
('34','60','5','Voluptas quasi ut dolore culpa dolorem nisi.','2002-07-31 17:19:39'),
('35','29','91','Et magnam ut consectetur quas possimus.','2005-06-26 03:27:44'),
('36','23','99','Hic quod et voluptatem voluptate.','1977-12-04 03:32:09'),
('37','66','96','At quasi aut nihil sint aspernatur magnam sint.','2019-03-01 13:07:48'),
('38','92','97','Error consequatur ex ea placeat fugiat asperiores architecto.','2007-04-30 15:58:52'),
('39','41','21','Aspernatur ducimus accusamus porro recusandae aspernatur.','2007-07-19 15:24:38'),
('40','96','37','Porro dignissimos voluptatem laudantium modi quo dolorem blanditiis.','2013-08-20 11:00:45'),
('41','42','84','Aut labore distinctio occaecati totam.','2019-02-25 22:49:25'),
('42','31','80','Quasi veniam voluptate dolores harum quia.','1981-11-29 15:57:00'),
('43','74','48','Sed corrupti neque hic.','1970-09-12 14:12:24'),
('44','30','89','Eius non impedit expedita non optio.','1984-08-10 21:46:45'),
('45','47','92','Fugiat omnis est ea libero ut omnis.','1972-07-30 16:03:33'),
('46','96','32','Rerum occaecati est autem incidunt velit.','1983-08-29 01:28:24'),
('47','98','48','Possimus sit nostrum qui.','1998-04-13 23:15:54'),
('48','64','40','Nihil molestiae cum voluptas eum optio tenetur.','1981-06-15 09:56:07'),
('49','79','24','Labore deserunt nam atque facilis eveniet nemo tenetur.','1990-01-12 23:21:24'),
('50','44','8','Placeat tempore debitis odio odio eos distinctio nam.','2019-08-16 03:19:56'),
('51','14','67','Similique perferendis rerum incidunt culpa.','1980-02-04 10:42:29'),
('52','6','79','Aut nam quia tempora debitis ipsum eius.','2015-11-05 10:05:44'),
('53','63','98','Beatae quis expedita molestiae dolorem porro atque.','1991-07-22 15:10:51'),
('54','76','3','Nam qui et vel aut.','1989-03-24 19:49:58'),
('55','19','71','Explicabo hic placeat cupiditate eum.','1975-02-02 20:15:31'),
('56','40','60','Sint quasi necessitatibus est repellat quibusdam.','2018-03-11 23:03:30'),
('57','55','70','Amet molestiae rerum amet nesciunt ab.','1991-06-17 15:42:27'),
('58','40','28','Eveniet ex dolorem ut odit repellendus quia soluta.','1993-06-30 07:17:58'),
('59','18','70','Optio omnis aut asperiores nulla rem.','1991-03-17 07:20:25'),
('60','16','64','Id quisquam non harum possimus.','1999-11-07 05:06:34'),
('61','62','12','Ab maxime modi corporis impedit dolores nesciunt.','1982-10-23 19:02:20'),
('62','95','59','Eos laudantium voluptatem quis autem at eum.','1997-12-16 00:13:28'),
('63','59','59','Voluptatem iusto reprehenderit impedit dolor.','1981-09-02 04:11:49'),
('64','99','38','Et assumenda non tenetur aut.','1991-11-25 02:23:34'),
('65','82','42','Temporibus amet doloremque quibusdam est accusantium quam.','1987-08-01 18:45:12'),
('66','45','95','Facilis dolore quia doloribus voluptas sint eligendi mollitia.','1979-04-05 02:55:12'),
('67','9','51','Magnam vitae est exercitationem enim animi doloremque odio.','2018-07-21 10:18:23'),
('68','73','71','Dolores et exercitationem dolore eaque cumque ad cumque.','1987-11-29 00:46:11'),
('69','48','48','Alias ut qui asperiores eligendi animi ea.','1970-06-03 18:49:04'),
('70','74','67','Quaerat odit magni laboriosam ullam esse.','1991-09-29 23:25:29'),
('71','19','13','Sed totam aut dolores.','1975-11-10 08:37:32'),
('72','27','73','Enim dolor ut asperiores non nesciunt deleniti.','2009-04-13 14:18:45'),
('73','83','66','Est vel corrupti esse ut.','1989-08-21 00:07:03'),
('74','1','100','Voluptas dolor quas facilis.','1987-09-14 04:44:25'),
('75','35','17','Aliquam et aut facilis culpa quo harum.','2000-07-09 06:33:37'),
('76','63','96','Id dolor expedita delectus modi.','2001-01-25 03:21:02'),
('77','28','58','Tenetur molestiae doloribus omnis sit quos explicabo quas.','2016-10-25 15:03:57'),
('78','55','87','Nulla debitis suscipit reiciendis iusto.','1970-11-22 23:57:23'),
('79','17','53','Natus quos error voluptas ipsa consequatur neque qui reprehenderit.','1977-12-26 20:01:34'),
('80','25','98','Voluptate vel autem perferendis voluptates id perferendis beatae aliquid.','2020-01-15 05:22:52'); 


DROP TABLE IF EXISTS `relationship_requests`;
CREATE TABLE `relationship_requests` (
  `initiator_user_id` bigint(20) unsigned NOT NULL,
  `target_user_id` bigint(20) unsigned NOT NULL,
  `status` enum('requested','friends','married','dating','parent-child','grandparent-grandchild','brothers/sisters/brother-sister','enemies') COLLATE utf8_unicode_ci DEFAULT NULL,
  `requested_at` datetime DEFAULT current_timestamp(),
  `confirmed_at` datetime DEFAULT NULL,
  PRIMARY KEY (`initiator_user_id`,`target_user_id`),
  KEY `initiator_user_id` (`initiator_user_id`),
  KEY `target_user_id` (`target_user_id`),
  CONSTRAINT `relationship_requests_ibfk_1` FOREIGN KEY (`initiator_user_id`) REFERENCES `friend_requests` (`initiator_user_id`),
  CONSTRAINT `relationship_requests_ibfk_2` FOREIGN KEY (`target_user_id`) REFERENCES `friend_requests` (`target_user_id`)
) ENGINE=InnoDB DEFAULT CHARSET=utf8 COLLATE=utf8_unicode_ci;

INSERT INTO `relationship_requests` VALUES ('2','47','enemies','1984-12-04 00:00:00','1997-11-12 00:00:00'),
('2','62','enemies','2003-11-05 00:00:00','1995-06-08 00:00:00'),
('3','25','dating','1975-01-17 00:00:00','1976-02-27 00:00:00'),
('3','72','requested','2015-01-11 00:00:00','1993-12-02 00:00:00'),
('4','47','dating','2019-05-20 00:00:00','1981-01-17 00:00:00'),
('6','48','enemies','1977-07-27 00:00:00','1999-09-06 00:00:00'),
('7','23','parent-child','1981-10-05 00:00:00','1973-09-16 00:00:00'),
('8','68','friends','1978-03-11 00:00:00','2005-03-14 00:00:00'),
('9','41','grandparent-grandchild','2016-05-21 00:00:00','2016-11-23 00:00:00'),
('13','57','enemies','2004-11-27 00:00:00','2007-12-19 00:00:00'),
('13','60','grandparent-grandchild','2001-02-15 00:00:00','2003-06-29 00:00:00'),
('14','6','enemies','1979-09-14 00:00:00','2014-12-23 00:00:00'),
('15','1','brothers/sisters/brother-sister','2017-02-04 00:00:00','2000-12-14 00:00:00'),
('15','55','grandparent-grandchild','2002-08-10 00:00:00','2018-12-31 00:00:00'),
('15','75','married','2004-03-23 00:00:00','1983-02-10 00:00:00'),
('16','40','grandparent-grandchild','1999-09-26 00:00:00','2016-02-29 00:00:00'),
('19','10','requested','1987-03-03 00:00:00','1986-03-20 00:00:00'),
('20','44','friends','1992-02-23 00:00:00','1998-09-12 00:00:00'),
('21','18','requested','1975-06-25 00:00:00','1987-05-23 00:00:00'),
('26','18','requested','1980-08-12 00:00:00','2009-10-13 00:00:00'),
('34','25','grandparent-grandchild','1973-04-19 00:00:00','2002-01-22 00:00:00'),
('35','69','requested','1971-02-26 00:00:00','2013-03-13 00:00:00'),
('38','55','married','2015-05-31 00:00:00','2015-09-15 00:00:00'),
('39','36','parent-child','1975-01-05 00:00:00','1972-08-24 00:00:00'),
('40','73','parent-child','1997-10-12 00:00:00','2010-08-13 00:00:00'),
('41','4','grandparent-grandchild','1997-02-08 00:00:00','2018-08-01 00:00:00'),
('44','8','friends','2018-05-11 00:00:00','1987-05-06 00:00:00'),
('47','52','friends','1983-11-08 00:00:00','2018-03-04 00:00:00'),
('49','23','requested','2006-12-20 00:00:00','2001-11-02 00:00:00'),
('50','52','parent-child','1992-01-21 00:00:00','1972-01-18 00:00:00'),
('54','45','friends','1987-05-06 00:00:00','2008-03-15 00:00:00'),
('54','59','requested','2001-01-25 00:00:00','1982-05-19 00:00:00'),
('55','57','married','2005-02-03 00:00:00','1972-10-15 00:00:00'),
('55','65','brothers/sisters/brother-sister','2013-05-18 00:00:00','1991-08-07 00:00:00'),
('57','68','brothers/sisters/brother-sister','1984-02-04 00:00:00','1989-09-05 00:00:00'),
('63','29','enemies','2004-05-23 00:00:00','1996-07-10 00:00:00'),
('64','74','enemies','2016-05-23 00:00:00','1983-12-04 00:00:00'),
('68','15','enemies','2008-11-05 00:00:00','1981-08-10 00:00:00'),
('68','19','married','1971-01-28 00:00:00','2013-12-15 00:00:00'),
('70','33','friends','1982-10-17 00:00:00','1990-09-07 00:00:00'),
('70','59','requested','1993-11-25 00:00:00','2000-06-07 00:00:00'),
('72','45','grandparent-grandchild','2009-11-06 00:00:00','1998-11-30 00:00:00'); 



DROP TABLE IF EXISTS `users_interests`;
CREATE TABLE `users_interests` (
  `profile_id` bigint(20) unsigned NOT NULL AUTO_INCREMENT,
  `favourite_books` text COLLATE utf8_unicode_ci DEFAULT NULL,
  `favourite_movies` text COLLATE utf8_unicode_ci DEFAULT NULL,
  `favourite_games` text COLLATE utf8_unicode_ci DEFAULT NULL,
  `hobby` text COLLATE utf8_unicode_ci DEFAULT NULL,
  PRIMARY KEY (`profile_id`),
  CONSTRAINT `users_interests_ibfk_1` FOREIGN KEY (`profile_id`) REFERENCES `profiles` (`user_id`)
) ENGINE=InnoDB AUTO_INCREMENT=101 DEFAULT CHARSET=utf8 COLLATE=utf8_unicode_ci;

INSERT INTO `users_interests` VALUES ('1','Officiis qui aut harum praesentium dolorum non. Illum at magni quae impedit voluptatem deleniti eveniet. Molestiae ea est possimus et qui. Sit suscipit doloribus quia fugit.','','Ut odio nesciunt deleniti quis. Doloribus dolores inventore incidunt rerum non. Molestiae aperiam commodi omnis hic dolorem quo error. Aperiam et rerum nobis animi necessitatibus eius nesciunt.',''),
('2','Expedita voluptates quaerat aut totam optio. Hic praesentium libero aperiam neque ducimus mollitia. Maiores illo iste quo quo adipisci reiciendis saepe.','Soluta omnis libero sint exercitationem. Ea sit est provident nam architecto minima.','Esse odio aut magnam omnis mollitia. Nisi voluptatibus eum accusamus vero magnam eaque quia occaecati. Numquam quas nihil quas officia harum placeat. Neque tenetur consequatur deserunt et officiis.',''),
('3','','','Asperiores culpa molestiae incidunt nulla quae blanditiis autem. Itaque laborum qui non. Et itaque et quia dolorem non.','Quod officia accusamus laudantium incidunt. Voluptates saepe et placeat et recusandae impedit est sit. Amet qui sapiente dolores dolore incidunt tenetur tenetur. Ut repudiandae consequatur saepe deserunt error voluptatem.'),
('4','Fugit vel consequatur corporis quidem. Sed odio et aliquam nisi dolorem veniam. Occaecati voluptas amet exercitationem laborum.','','','Dolores dolor error voluptate quos omnis nostrum molestiae. Perferendis voluptas excepturi est et. Recusandae nostrum aut rerum odio corrupti at illo molestiae. Non et accusantium fugit velit quam assumenda officiis.'),
('5','','','','Quam eum amet ut laborum. Nesciunt ut sit laudantium quo reiciendis culpa accusantium.'),
('6','','Ea facilis et nulla. Dignissimos facere quo dicta nihil. Facere beatae ea omnis et explicabo optio.','Eaque non quia commodi vero nesciunt. Nostrum neque sed quam autem. Itaque repellendus architecto suscipit nulla. Quia iusto voluptatum mollitia id architecto quae quo.',''),
('7','Et eum vitae cupiditate incidunt eos et. Nisi vel omnis incidunt rem vitae dolor. Quasi laborum ad repudiandae fugit tempora eius officia repellendus. Quisquam accusamus ea numquam.','','','Et asperiores aut quidem possimus quod. Mollitia earum sunt deserunt iste sint aliquam non. Voluptatem dolorem ab quidem rem. In omnis dolores aliquid incidunt non quos illum nulla.'),
('8','','Est inventore harum molestias. Distinctio omnis earum suscipit. Nesciunt corporis eos voluptatem non rerum libero distinctio. Et esse ut necessitatibus ea.','Rerum possimus reprehenderit quaerat et et. At ipsum dicta fuga nemo consequatur ipsam. In ea qui beatae aliquam. A et quod facilis reiciendis laudantium.',''),
('9','','','Quae ea molestiae voluptate et quae animi rerum. Sit nisi ipsam quidem repellat. Quo omnis excepturi recusandae laudantium et ipsa suscipit. Perferendis fugit omnis rerum quia.',''),
('10','','Ut quo veritatis consequuntur explicabo dolore eveniet. Aliquam aut culpa et magnam velit reprehenderit.','',''),
('11','Omnis dolorem hic ullam blanditiis quam omnis. Sint officiis consequuntur qui quia. Est hic consequuntur et et. Qui quasi culpa quo et sed omnis excepturi.','','','Non molestiae neque esse tenetur doloribus omnis asperiores sint. Iure voluptatem et consequatur esse explicabo voluptatem. Praesentium voluptas minima quas ipsam fugiat nostrum et. Pariatur rerum occaecati et consequatur adipisci laboriosam cum.'),
('12','Eos inventore dolores dolorum quibusdam. Est aut odio magnam hic. Nesciunt numquam voluptatem fuga consequatur porro sit. Sit ut dignissimos eos neque.','Odit et quaerat aperiam est non veritatis. Sunt beatae voluptas odio voluptatem sint laboriosam minus explicabo. Commodi autem nisi quis quisquam.','','Qui saepe ea qui reiciendis. Labore atque id iusto excepturi iure. Placeat id aliquam et autem soluta et a.'),
('13','','Ex dolorum cum quaerat. Et iusto qui quia sed. Eveniet hic quo nulla voluptatem recusandae impedit et.','',''),
('14','','Et tenetur iure error magnam. Recusandae provident ea provident autem. Ut id fugit ipsam ea. Quia quia ab quam occaecati fugiat dolores deleniti vel.','','Illo quia architecto error distinctio qui. Unde soluta cum nesciunt tenetur. Labore quia asperiores adipisci est minus neque. Ut illo voluptas officia laboriosam sapiente alias.'),
('15','','','','Et ab ab repellendus. Quaerat similique assumenda expedita molestiae aut autem est ut. Qui perferendis voluptates cupiditate fuga est distinctio dignissimos. Neque non aut incidunt corrupti.'),
('16','Maiores nostrum eius et delectus beatae. Laudantium nihil voluptatum molestiae quia distinctio eius.','Natus possimus explicabo adipisci ut. Qui aliquid amet quia quaerat. Dolor impedit quaerat esse omnis.','Mollitia numquam magni perspiciatis deleniti sunt. Sunt laudantium quasi ducimus. Praesentium quis aliquam dignissimos autem suscipit.','In quod et est et accusamus est non. Vitae animi enim ex est. Rem et libero qui quod consectetur consequuntur.'),
('17','','','',''),
('18','','Ut omnis et adipisci laborum nihil esse. Rerum nostrum itaque quidem et. Blanditiis reprehenderit vero voluptatem ut quia molestias sed et.','','Tempora neque autem ullam totam. Quam cupiditate hic quis rem. Ipsa non non et ea.'),
('19','Modi optio eos qui saepe. Aut id minus consectetur modi veritatis et. Sed optio provident a illo ab harum. Labore doloremque nihil et autem voluptatem non dolorem.','Iure quas nemo accusamus optio. Magni architecto id non dolores maiores facilis. Aperiam facere repellat dolorum sed inventore.','',''),
('20','','','In ut accusantium iste ex. Unde sequi porro est tenetur. Enim occaecati facilis cum blanditiis velit est optio sed.','Sit sit quia quos non aut id veniam enim. Laudantium et distinctio et exercitationem in esse. Quaerat nemo sit velit facilis. Asperiores non omnis aut et veritatis accusamus aut culpa.'),
('21','Tempora sed sunt labore saepe ut. Tempora molestiae voluptatem eius ex enim tempore deleniti molestiae.','Accusantium voluptas sed magni molestias voluptatem. Fugiat soluta dolorum eveniet excepturi veniam itaque quia.','Explicabo quia animi eligendi esse nam quo aut. Exercitationem et consequatur quia omnis. Provident quisquam voluptatem pariatur animi et.',''),
('22','Repellat veritatis necessitatibus nisi nulla hic. Quos nihil eligendi dignissimos quia magni maxime. Excepturi accusamus nisi veniam distinctio nesciunt.','','',''),
('23','Voluptatem temporibus praesentium et molestiae adipisci consequatur. Cumque accusamus id dicta eos doloremque ut iusto. Aut et facilis nam aut id. Recusandae eaque ut labore nesciunt.','Iure aspernatur voluptatem incidunt. Repellat consequuntur pariatur corrupti ratione aut velit. Qui et ratione non iure iste earum qui.','Iure similique quisquam et beatae recusandae animi ipsa. Repudiandae natus ut exercitationem accusamus. Porro veritatis iste voluptatem corporis iusto in.',''),
('24','Sed dolor assumenda recusandae esse natus sequi. Enim id inventore omnis consequatur officiis. Rerum qui eos ut qui facilis quia.','Ea corrupti consequatur autem reiciendis qui. Molestiae et velit rerum consectetur iste quas sint. Aliquam fugit quia veniam soluta veritatis.','','Et aut praesentium enim sed. Beatae est officiis itaque mollitia qui quod. Porro dolor voluptatibus illum perspiciatis nemo eos inventore.'),
('25','','','Odit commodi accusantium consequatur est excepturi voluptatem. At quam harum ipsam dolor. Nam et quia et eius quas pariatur aliquam quidem.','Rerum inventore eos sunt non id molestiae. Eligendi rerum accusamus beatae aliquid ut. Reiciendis perferendis aliquam dolorem dolor quasi nisi modi. Omnis quia exercitationem repudiandae sapiente. Ab facere temporibus minima ut quis.'),
('26','','Laborum ullam assumenda architecto sed ullam eum. Rem ducimus modi id voluptas quisquam debitis sit. Molestiae corporis dolores quia est quo necessitatibus assumenda.','Iusto architecto sit vero nobis harum iste iste. Ducimus sit voluptatem autem. Molestiae eos consequatur doloremque sit.',''),
('27','Laboriosam ut labore qui consequatur et laborum. Voluptatem pariatur et sunt consequatur. Omnis enim reprehenderit cum suscipit vitae qui quia.','','Provident eius sed laboriosam enim animi et nulla. Veritatis voluptates qui exercitationem laudantium nostrum.','Voluptas saepe non sint error culpa molestiae. Ut repudiandae repellat sapiente ex veniam. Culpa excepturi voluptas quia deleniti.'),
('28','','','','Sunt nesciunt ea facilis rem reprehenderit iste consequuntur. Qui corrupti qui tenetur laborum deserunt vel consequuntur mollitia. Nisi minus maxime sit.'),
('29','Iste corrupti asperiores mollitia repellat molestiae doloremque doloribus. Vitae vel maiores nostrum voluptas aut. Officia possimus dolores labore fugiat ut commodi.','','Ipsam iure nesciunt eaque est. Commodi accusantium perspiciatis saepe soluta praesentium facere totam. Doloremque totam qui sed expedita sint omnis eaque.',''),
('30','Et veniam voluptatem et ipsam alias et nemo. Est reiciendis assumenda vero velit. Tempora labore fuga ut magni optio.','','','Facere dolorum ipsa ea illum magnam corporis sed. Deserunt reprehenderit voluptatem animi sit. Ducimus ratione ut dignissimos placeat sit perspiciatis nisi optio. Perspiciatis quaerat sed est.'),
('31','','','','Ut qui earum iure explicabo at voluptates aspernatur. Quae non laudantium vitae. Quis voluptatibus ea modi deserunt. Velit reprehenderit dolor voluptatum quia.'),
('32','','','','Est exercitationem aspernatur porro quam. Distinctio nisi ea quos similique. Quia rerum minima itaque aut provident.'),
('33','Illum omnis ea soluta reprehenderit ut sed suscipit. Natus maiores fugit qui velit. Eos vero illo error praesentium blanditiis aspernatur.','','',''),
('34','Quae doloribus saepe ab deleniti omnis libero quos sed. Magni rerum praesentium dolor veritatis. Accusantium fugiat et quo.','Ut quae ut ad. Eum vitae accusamus quidem voluptatum voluptates error. Velit quis vitae quia accusantium illo hic. Sequi numquam expedita iste sit.','','Nemo architecto fugiat quo eos eligendi. Quisquam et est numquam sit voluptatum rerum cumque non. Et explicabo dolores minima sequi aliquam sed.'),
('35','Nam iusto perferendis tenetur inventore. Eveniet et atque quam. Et totam esse aut reprehenderit accusamus delectus.\nEum unde cum sunt vitae placeat. Necessitatibus qui voluptas ex qui aut.','','','Quasi corporis dolorem incidunt quia excepturi similique. Corporis veniam eveniet accusamus repellat id vero. Rerum quis eveniet numquam sequi autem consequatur aperiam.'),
('36','','','Eos quia ratione voluptatem perspiciatis accusantium ipsa tempora. Quo omnis consectetur provident quae. Ullam et amet sed et.',''),
('37','Dolorum et doloribus ea eos et ipsa consequuntur quisquam. Libero eos nesciunt qui aspernatur. Itaque omnis omnis sunt ut est magni.','','','Veniam est quam est vitae ut. Ducimus voluptas eius maxime error quis velit distinctio tempore. Laborum non voluptates excepturi dignissimos. Omnis temporibus vitae expedita nisi at quas eaque.'),
('38','','Nihil ut qui ea qui dolorem. Facere ut quam voluptatem eligendi. Distinctio blanditiis impedit dolore nesciunt et commodi blanditiis. Suscipit numquam quia maiores dicta.','','Praesentium sunt laborum culpa voluptates earum. Totam ut rerum ea quam enim quo tempora. Ut dolores tempora sit in eius alias est.'),
('39','Unde rem dicta pariatur nostrum cumque placeat culpa quae. Voluptates eos qui nam maiores sint ea omnis. Ipsum quis minus molestias corporis autem eos. Facere a odio aut at ut necessitatibus aut.','Eos delectus laborum quasi voluptas quo ipsum. Voluptatibus numquam quos quis est omnis. Commodi reprehenderit quas aut repellat consectetur sed at. Sit ut excepturi sed provident minus.','','Aut dicta dolor iure. Nostrum eum dolor inventore et. Laboriosam repudiandae veniam nemo rerum ea. Quia quod deserunt veniam aut. Veritatis reprehenderit et consequatur necessitatibus est.'),
('40','Ut eligendi odit natus sint ex quia. Et provident suscipit rerum. Tempore perspiciatis et voluptatem non sint atque provident. Deserunt ducimus ipsum nam voluptatem quas quis.','','',''),
('41','','','Quo quod saepe est illum aut. Voluptas fugit alias est eum ea odit veritatis. Quam est vel voluptates qui.','Ducimus hic aut quia quia fuga mollitia suscipit est. Voluptatem placeat quia consectetur dolores. Eum laborum ut et pariatur ab eos tempora. Consequuntur quidem voluptate veritatis impedit.'),
('42','Aut soluta non odit ipsum sit id porro. Quasi omnis quo et optio reprehenderit. Aliquid molestiae autem vitae. Consequuntur id et voluptatem neque earum.','','Aspernatur odit sunt excepturi voluptatem quibusdam. Qui minus dolore voluptatem nam. Quis necessitatibus labore magni consequuntur sint iste.',''),
('43','Tempore aut autem explicabo ea nisi. Adipisci ratione nihil enim animi id eos. Ipsa officia tempora dignissimos modi. Occaecati nobis commodi incidunt asperiores itaque quibusdam magnam.','Sint ut aperiam ipsum est distinctio hic ea. Suscipit voluptatibus ratione consectetur delectus quia omnis velit porro. Eligendi nemo quia expedita et autem.','','Dolor incidunt est tenetur aspernatur. Quia quo qui dolor vitae. Id ipsum porro pariatur earum debitis et quia. Sint quia velit cumque exercitationem.'),
('44','','Sit explicabo maxime nostrum omnis qui voluptatem facilis temporibus. Consequuntur aspernatur quia fugiat corporis laborum tempora quibusdam.','Exercitationem suscipit et inventore sed. Quis corrupti ipsa est doloribus ut ratione placeat distinctio. Aut et ea odit. In est labore dolor asperiores. Quia ex adipisci nihil assumenda nihil.',''),
('45','Numquam eligendi soluta nihil est qui. Sint ipsum dignissimos vel perspiciatis eveniet. Totam autem eligendi similique enim quisquam. Maiores accusantium ad provident et rerum.','Sed ipsa est aperiam eius. Quis repellendus sapiente labore nihil repudiandae quo natus. Corporis pariatur consequatur eos.','',''),
('46','','','',''),
('47','','Vel adipisci rerum molestiae est libero velit fugiat. Et in dolorem aspernatur. Odit velit aliquam delectus repellendus harum.','',''),
('48','Ut molestias qui fugit non. Est assumenda et voluptatem provident. Earum animi error et architecto praesentium qui.','Corporis quis eos deserunt possimus sunt. Ut a fugiat quasi dolorum et totam est. Recusandae dolor ut non voluptas quibusdam.','','Sed adipisci omnis non quos deleniti. Voluptatum error fugiat voluptatem omnis repellendus ullam incidunt. Tenetur in temporibus optio.'),
('49','Non error dolorem quia. Quia nihil minus porro rem inventore.','','Ab culpa dolor eum id occaecati odio. Ratione omnis sunt quia natus. Et voluptatem sunt aut quod.',''),
('50','','','Nemo voluptatem qui necessitatibus enim qui ex. Et est deleniti cupiditate beatae impedit delectus ea. Occaecati vel quae id. Suscipit velit sit sit occaecati doloremque.',''),
('51','Velit quo in deleniti id ullam quis repudiandae. Laboriosam sit vel voluptatem quaerat quia ea. Sed et et incidunt dolore est eos. Minus mollitia quis consequatur.','','Aliquam possimus sit velit placeat consequuntur et soluta occaecati. Ut illo nesciunt vero maiores voluptates est voluptates non. Ut ratione commodi rem quia iusto et.','Placeat accusamus laudantium velit sed repudiandae dicta. Corporis consequuntur autem nisi tenetur eos esse quos. Placeat eveniet nihil aut corrupti deserunt qui non quas. Dolore adipisci accusantium et veniam.'),
('52','Quae maiores rerum molestiae commodi iure eaque facilis. Delectus laborum autem occaecati pariatur veritatis. At qui nemo voluptate quidem qui fugiat.','Placeat ratione commodi veniam excepturi libero ipsum. Ut labore fugiat voluptatem ut tempore.','',''),
('53','Culpa nesciunt doloremque amet voluptatem fuga enim. Aut quasi eligendi recusandae voluptatem repellat aut sunt. Labore modi animi in consequatur. Amet ea reprehenderit dicta deserunt.','Officia aut optio qui. Molestias alias amet voluptatem voluptas deleniti odio. Modi et ut placeat distinctio vel quas optio. Molestiae facilis omnis inventore beatae reiciendis.','','Qui vitae consectetur voluptas omnis expedita delectus placeat libero. Quis incidunt voluptatibus et aperiam. Eos est vitae possimus facilis libero ut vero. Quisquam nemo et dolores adipisci cum. Expedita ut reprehenderit maiores atque sequi hic.'),
('54','Quis iusto odio laudantium officia architecto occaecati et. Quidem velit non voluptate rem facere. Porro distinctio vero enim cum harum temporibus delectus.','Quibusdam placeat autem et officia aut. Beatae molestiae corporis harum nesciunt earum non alias. Quo et iure aliquid dolorem velit.','',''),
('55','','Ea autem corporis et dignissimos officia suscipit. Vel iste perspiciatis est quaerat similique. Perspiciatis similique eum odit earum exercitationem. Expedita non rem cumque dolor corrupti optio hic.','','Pariatur amet vel veritatis autem. Eos magnam consectetur blanditiis vel rem accusantium maxime incidunt. Tenetur facilis architecto reiciendis porro et aspernatur molestias.'),
('56','Esse doloremque nisi aliquam aut. Reiciendis occaecati adipisci explicabo est. Earum repellendus sequi asperiores ullam modi. Sit est necessitatibus earum at unde nihil.','','','Amet quae quibusdam in id. Ut voluptatum sunt totam doloremque temporibus. Minus placeat tenetur non.'),
('57','Tempora cupiditate esse officiis numquam rerum doloremque. Laudantium nesciunt et reiciendis atque quidem asperiores vel. Aut non autem impedit cupiditate totam.','Cupiditate repellendus rem dolor quod ipsa. Nostrum beatae aut qui facere. Rerum ea dicta quos quis. Rerum aut non rerum maxime exercitationem corporis sint.','Aperiam aliquam odio voluptatem rerum rem aut ea atque. Dolores modi numquam ullam aut. Rerum recusandae aut aut sunt accusantium. Tenetur possimus veniam a iusto eos.',''),
('58','Nihil quam autem quidem dignissimos. Deserunt velit qui nihil omnis. Molestiae sit rerum fugit est quod.','','Ducimus velit officia sint cupiditate et. Pariatur mollitia ut sint. Sit ut atque ea.',''),
('59','','Velit adipisci similique quis et minus incidunt laboriosam. Et repellendus molestias qui quis.\nMinus voluptatem saepe quis. Molestiae aut aliquam sit nobis.','','Ut quia blanditiis ullam in possimus. Sed recusandae architecto sunt cumque totam. Hic molestias suscipit repudiandae et aut iure error labore. Asperiores hic quis aut dicta et animi.'),
('60','','Aperiam nobis mollitia cumque id ut. Laudantium est quo repudiandae nobis qui dolor debitis. Enim qui in ducimus dolores eum facilis.','','Cumque est ducimus modi voluptates consectetur impedit consectetur. Ad nostrum reprehenderit quisquam possimus. Nesciunt quam recusandae aliquid soluta reprehenderit dolores fugit et. Numquam veniam ut consequatur ut tempore dolor sit. Deserunt dolorem eos eius iure.'),
('61','Id ut enim eum accusamus. Nisi aliquid eius eum. Perferendis laborum pariatur voluptate est unde dolores quasi. Adipisci debitis repudiandae odit dolores nobis minima.','Ut quibusdam incidunt distinctio nulla. Voluptatem nobis quasi est a voluptas beatae.','Exercitationem delectus vel omnis nihil. Animi numquam voluptatem aperiam. Nam pariatur reiciendis qui quos qui sunt.','Quam aut tempore earum ullam consequuntur. Animi tempora non quidem fuga quidem nam. Officia magni dignissimos minima suscipit et illo hic non. Officiis et neque vitae aut blanditiis asperiores aut.'),
('62','Assumenda ea rerum aliquam. At commodi soluta quia. Esse pariatur iste voluptates numquam omnis. Voluptatem voluptatum error corrupti qui quod.','Ipsam quis nobis quaerat molestias repellendus. Vel tempore vel voluptatem perferendis modi. Debitis fugit et atque iste. Quia dolore commodi labore saepe est sit et quidem.','Et occaecati omnis cupiditate accusamus ut modi. Fuga saepe enim aut qui. Ipsa cupiditate est ipsum. Ut perferendis odio delectus dolores.',''),
('63','Est est et sunt eaque ipsam suscipit. Nam aut nulla fugit officiis. Unde repellendus quis molestiae magni alias quia qui ullam.','Tempore quia accusantium ex quia eveniet dolore eligendi distinctio. Est quaerat eius explicabo. Sit facere accusantium aut. Quia doloremque odit voluptates qui mollitia beatae dignissimos.','Enim ut distinctio voluptatem reprehenderit minus. Dolore adipisci id alias necessitatibus est enim dolorem. Suscipit sint placeat quibusdam dolor. Earum natus numquam ea.',''),
('64','','','','Deleniti et nostrum nulla velit perferendis earum. Incidunt in debitis fugit repellendus. Nam ipsum est et aliquam explicabo delectus voluptatem. Dolore enim cumque natus commodi omnis aut.'),
('65','','Nesciunt voluptatum excepturi hic. Iure molestias autem et repudiandae. Ratione non in distinctio aliquid expedita est dicta.','',''),
('66','','','Optio et quia repellat in. Aut inventore dolorem omnis eos placeat repudiandae. Voluptatem quia pariatur error expedita omnis.','Amet maxime aliquid aspernatur ratione autem sit quis. Voluptas totam quasi id quidem accusantium a eum voluptas. Totam quia nam temporibus inventore blanditiis qui nobis.'),
('67','Tempore quia impedit distinctio iste eligendi minima. Libero et quia eum sunt dolor ut. Magni quasi voluptatum exercitationem qui. Sed ea ipsam ut explicabo sit voluptatem magni.','','',''),
('68','','Assumenda et porro et possimus quia quis itaque. Nisi totam id assumenda ipsa quibusdam ipsa veritatis. Sunt quasi sit hic. Earum minus et atque commodi tempore.','',''),
('69','','Officiis odio aut corrupti et repudiandae dolorem. Eum dicta voluptate accusantium voluptas sed et. Velit nihil distinctio quis doloribus itaque vel provident accusantium.','','Reprehenderit ut quis ex quidem iusto veniam. Distinctio quis non inventore sit repudiandae possimus modi unde. Aliquam magni consequatur aperiam nulla rerum. Voluptate et qui qui culpa.'),
('70','Expedita nobis neque omnis neque aliquid ullam deserunt. Consequatur et error eos magni quis. Sed eos qui consequatur saepe voluptas maiores cumque qui. Voluptatem sed doloribus sit.','','','Laudantium adipisci nesciunt explicabo quidem rerum. Esse minus voluptas incidunt non corporis sunt sit. Voluptatem quasi enim sequi quae molestias impedit.'),
('71','','Fugit ut blanditiis aut et placeat quam totam. Omnis qui pariatur qui accusantium id ducimus dignissimos. Suscipit molestias quasi sint dolore in. Eveniet explicabo fuga animi nihil.','Quod aut officia quo esse pariatur sed rerum. Illo saepe mollitia rem. Voluptas mollitia aut qui alias dolore voluptatibus ex. Culpa qui aspernatur ipsum nesciunt animi assumenda. Quasi ut qui sit.',''),
('72','','Est ullam accusantium illo voluptas inventore. Modi itaque nesciunt voluptatum explicabo et voluptates. Quaerat sunt ut repellendus fugiat. Et repellat sed ipsa rem natus enim.','','Exercitationem voluptas eos quia aliquid nam qui est ducimus. Sit et eveniet dolor est accusamus rerum. Accusantium qui dolore eum rerum neque commodi eveniet. Facilis beatae eius magni voluptatem voluptas maxime dolore omnis.'),
('73','','','','Consequatur et adipisci delectus in quaerat consequatur et. Culpa qui eos nemo sed et ut. Voluptatem omnis quam aliquam aut.'),
('74','','Sequi voluptatem ipsum ut voluptates voluptates aspernatur perferendis sed. Ut sapiente nam nihil sed similique inventore.','Aliquid recusandae est voluptatem commodi. Amet itaque quia dolorum adipisci saepe.','Commodi sint inventore tempore eligendi dignissimos. Ut sit ut facilis eum ipsum qui dolore. Odio quod et sunt. Et voluptatem cupiditate libero mollitia.'),
('75','','Ut temporibus repellendus voluptates nisi. Eos amet quo possimus omnis vel vel aut. Non cum delectus sit qui sequi. Expedita nihil perferendis tempora expedita a est eum.','Doloremque architecto et illo nesciunt. Itaque nobis odit quisquam eveniet. Voluptates atque magnam harum voluptatem.',''),
('76','At modi non eius consequatur nostrum incidunt tempore. A tempora aliquam corrupti aut maxime. Quod in ex laborum.\nVoluptate sunt voluptatem modi. Totam repellendus voluptate magnam in quia ad.','','Dolores aut consequatur autem aperiam vitae nihil minima. Sunt exercitationem veritatis doloremque sint nihil. Sint et dolorem asperiores nesciunt.','Commodi architecto eveniet quia. Est nisi odit natus mollitia assumenda recusandae quidem numquam. Modi est nihil non maiores facilis ipsum.'),
('77','','Repudiandae enim quaerat vel deleniti temporibus velit. Nulla voluptates dolores ea. Labore beatae temporibus labore quidem quos reiciendis. Doloribus quia autem quo velit est voluptatem.','','Aut quia iste eveniet porro eveniet perspiciatis. Sunt maiores minima voluptas. Rerum reprehenderit itaque quia quibusdam nihil velit ex. Quia qui cupiditate inventore illum soluta sint eos. Suscipit qui eos tenetur et fuga est.'),
('78','Minus ipsam velit voluptatibus nam consectetur eos optio. Eum tenetur autem amet explicabo fugit. Aut esse labore amet sed sit.','Ipsam et hic atque velit. Repellat amet nobis consequatur ut. Quidem quos tenetur sint in quo delectus fugit.','Quaerat nam optio et qui ut et tempore eligendi. Ratione quisquam quia et tempore sunt. Molestias quia veritatis nulla quia saepe. Placeat culpa qui in. Placeat quis asperiores non.',''),
('79','Est iure non cumque vel modi voluptatibus sint et. Id delectus culpa numquam temporibus. Exercitationem iure cum voluptas omnis itaque enim. In nihil qui aperiam cumque officia voluptatum.','Aut recusandae delectus numquam voluptatibus eius ex. Sit quidem voluptatibus voluptatem dicta id. Aut perferendis non soluta nihil et nostrum.','',''),
('80','Voluptatem nemo itaque temporibus velit deleniti sequi atque. Sit facere delectus ut qui labore blanditiis recusandae qui. Ut cumque dolorum harum quis. Rerum est sed quas perspiciatis.','Ut modi possimus eligendi recusandae ab voluptas. Aut maiores est sapiente dignissimos praesentium velit rerum. Porro in inventore ad consequuntur. Sunt reprehenderit ea illum illum.','Eligendi distinctio quia aut culpa aut. Commodi pariatur ut iusto vel eligendi quo. Commodi nihil numquam pariatur distinctio harum incidunt. Nihil quibusdam et pariatur alias aspernatur quo.',''),
('81','','','Praesentium est saepe eum consequuntur. Maxime cumque sed nulla. Excepturi rerum dolore repellendus quasi similique labore consequatur. Maxime rem ut consequatur.','Ratione doloremque qui et voluptatem amet reiciendis. Laborum inventore quia sint non. Quas ea aliquam aut aut voluptas.'),
('82','Quia eaque dolorum facilis. Amet perferendis aut molestias. Id omnis eius voluptas velit dolore aut aspernatur. Praesentium quibusdam expedita tempora ut et.','','Sunt libero sit similique ut cumque labore. Voluptatem quia dolore ipsa in repudiandae nam perspiciatis optio. Ut doloribus sapiente quisquam sit eveniet.',''),
('83','','','Et perspiciatis quia aliquam doloremque. Enim ut quas quia hic quis. Qui dignissimos at consectetur natus.','Aut assumenda quia sit aperiam. Unde et aliquam sint eos enim placeat animi accusantium. Voluptate maxime ipsum consectetur esse. Numquam quia vitae natus ullam.'),
('84','','','Excepturi qui vero odit et labore tempore eum sunt. Placeat sit dolores nihil quasi pariatur quia possimus. Labore at totam aut ut est quia.',''),
('85','','','Ea nam harum consequatur quia ipsum. Eum numquam placeat molestiae quaerat. Voluptate rem consequatur eveniet ea dolorem ad expedita.','Est quos rerum omnis assumenda eos nesciunt. Est officiis corrupti consequatur ea.'),
('86','','Doloribus possimus placeat officia impedit mollitia inventore ut sint. Modi cumque est doloremque placeat. Officia similique minus ratione voluptatibus vitae nam.','Sit qui maiores voluptatum eum. Quia repellat animi fugit quo et nihil est. Asperiores itaque cupiditate vel a. Corrupti id consequuntur est architecto ut.',''),
('87','Architecto asperiores laborum facere a repellat recusandae. Nemo soluta dignissimos minus. Placeat nesciunt a ipsa.','Dolorem et qui consequatur ad. Eaque dicta cum et. Voluptatem eos reprehenderit temporibus voluptatem quisquam et perferendis.','Natus eius pariatur iure. Veritatis et aut totam sunt non quia. Eveniet doloribus consequatur consequatur sit rerum excepturi atque repudiandae.','Nam quidem officia inventore dolores est ducimus suscipit. Soluta ea sequi dolorum ducimus aut molestias sunt aliquam. Unde esse tenetur aspernatur qui totam magni nihil. Voluptas ad enim eos aut explicabo. Mollitia quia sint corrupti quia est occaecati.'),
('88','Non non sit nulla nulla maiores. Incidunt dolores itaque nisi ad excepturi atque. Qui blanditiis sed quia eaque.','','',''),
('89','','Enim quibusdam saepe quasi harum recusandae voluptatem explicabo. Voluptatum perspiciatis alias aperiam accusantium magnam rem. Dolorum qui sunt iste.','',''),
('90','','','Nesciunt nobis ab esse aut. Quis et sit voluptas quam sapiente quaerat consequatur eaque. Doloribus repellat rerum sequi.','Aliquid eligendi nobis et iusto quia. Perferendis aut minima reprehenderit quos rerum.'),
('91','Repellendus nihil dolorum nulla. Et et eaque aut eveniet asperiores occaecati. Qui dolorem porro eius et laudantium eos iste. Dolores commodi cupiditate quo possimus.','Placeat repellendus aspernatur pariatur facere. Et et rem officia et nulla totam qui. Perspiciatis iusto ut corporis sit voluptate. Esse maxime officia et dolor.','Beatae quibusdam sed adipisci similique. Rerum repellendus quidem ut et. Enim libero quibusdam necessitatibus quo eos. Voluptas dolores nihil vel dolor non molestias.','Ut mollitia non omnis deleniti atque aut. Soluta architecto provident omnis earum voluptatem error expedita. Quo natus omnis suscipit culpa occaecati omnis. Quas et quam ut dicta ab quidem suscipit.'),
('92','Natus assumenda architecto nihil aut autem. Neque dolores excepturi distinctio ut possimus. Laboriosam quae facere consequatur dolores dolorum sunt quis. Autem alias velit consequatur saepe.','Et minus sit ut impedit consequuntur. Consequatur non accusamus non aut rerum vero. Autem consequatur libero maxime aspernatur.','Sint nam vel voluptas est. Accusamus rerum est quisquam nesciunt autem et est. Eveniet laudantium porro veritatis ipsam eius. Qui aut saepe eaque velit aliquid ducimus et sit.','Dignissimos ut nihil qui illo officiis dolores dolor. Doloremque dolorem molestias ad. Molestias voluptatem quidem corrupti voluptatem qui exercitationem dolor. Distinctio ullam labore eaque dolorem nostrum. Corporis voluptate dolorem iusto nemo doloribus non voluptatem.'),
('93','','Sed excepturi animi accusantium et veritatis voluptates ab vitae. Dolores distinctio asperiores incidunt voluptatum reprehenderit modi ut eaque. Dolores porro velit sunt facere.','Ex ab error non ut error doloremque fugiat quasi. Soluta eaque quos sunt qui consequatur alias. Et ut ut autem non possimus amet et. Temporibus aut fuga quae vel fugiat.',''),
('94','','Consequuntur aut sit natus sint quis. Beatae voluptatem laboriosam ratione fuga. Expedita et rerum tempora repellendus perspiciatis vero voluptas ad.','','Aut porro expedita architecto et ratione deleniti harum. Fugit reprehenderit sint omnis cumque aliquid sed quisquam. Excepturi ut id qui dicta. Sed nisi ut quo sint deserunt aut neque.'),
('95','','Et numquam qui est consequatur nam quis aut optio. Iusto quasi ut enim rerum est sint illo. Aperiam qui et culpa voluptatem aliquid incidunt. Molestias non molestiae et quae.','',''),
('96','','Totam et aut sit nobis ea voluptatem. Maiores labore dolore incidunt modi magni cum. Tenetur molestias dolores earum. Blanditiis quia eaque labore aut eligendi.','',''),
('97','','','Dolorem ea facere provident nulla. Voluptatum hic id veniam repellendus nemo aut. Illo qui iusto molestiae ab consequatur error.',''),
('98','Officia occaecati facilis mollitia ullam odio optio eaque. Quidem necessitatibus accusamus laborum et non reiciendis qui. Eum commodi nihil enim.','','','Quo et autem porro. Cumque eaque provident molestiae esse et cupiditate ut. In sint doloremque fuga quis optio.'),
('99','','Dolorem vitae quis optio qui dolorum quis. Sit mollitia quidem quos consequatur pariatur sit repudiandae.','Itaque aut cumque occaecati. Delectus molestias id ratione. Quam rerum deleniti voluptatem quidem voluptates inventore.',''),
('100','Vero voluptatem quia quaerat odit officia odit. Libero non id qui porro. Perferendis quas magni eum quis. Placeat sed iusto distinctio vitae nam atque non.','Est sed reiciendis placeat quaerat. Provident quia id excepturi id itaque. Aspernatur dolore praesentium cumque maiores et modi eos.','Unde totam sit omnis maxime cupiditate. Quia quia nam expedita et maiores natus non. Qui ut dolores qui magni in similique odio necessitatibus. Illo ullam facilis aut eum pariatur aliquid sapiente.','Perferendis eos reprehenderit ipsum voluptatem culpa eligendi. Tenetur eius labore est nobis necessitatibus quae qui. Eos minus dolores id.'); 

